"1","1","3219405.18","25"
"1","2","6592598.93","10"
"1","3","1880518.36","31"
"1","4","5285874.09","13"
"1","5","3468885.58","23"
"1","6","686654.56","51"
"1","7","3513007.70","22"
"1","8","5107710.84","14"
"1","9","4012873.47","20"
"1","10","4437774.25","17"
"1","11","3563455.70","21"
"1","12","1511015.98","37"
"1","13","5533081.91","12"
"1","14","2183402.78","30"
"1","16","3453601.77","24"
"1","17","1315107.78","39"
"1","18","877479.40","47"
"1","19","180039.65","65"
"1","20","585094.73","53"
"1","21","1116608.43","43"
"1","22","1151446.89","41"
"1","23","3092115.41","26"
"1","24","884796.73","46"
"1","25","1451784.16","38"
"1","26","967823.61","45"
"1","27","196574.90","64"
"1","28","84815.30","70"
"1","29","665098.75","52"
"1","30","488387.19","56"
"1","31","344420.26","61"
"1","32","1172981.58","40"
"1","33","850339.66","48"
"1","34","1648908.93","35"
"1","35","362609.52","60"
"1","36","211097.11","63"
"1","37","400470.80","58"
"1","38","11436885.83","4"
"1","40","8366988.51","8"
"1","41","152262.06","66"
"1","42","1135466.65","42"
"1","44","696799.59","50"
"1","45","1703.65","74"
"1","46","2811807.55","28"
"1","47","-2562.00","77"
"1","48","114715.99","69"
"1","49","1635624.17","36"
"1","51","1079.52","75"
"1","52","336827.83","62"
"1","54","12092.50","71"
"1","55","1832951.60","32"
"1","56","572068.73","54"
"1","58","482263.85","57"
"1","59","122661.84","68"
"1","60","146002.40","67"
"1","67","1063350.48","44"
"1","71","390743.69","59"
"1","72","6776862.22","9"
"1","74","1666354.32","34"
"1","77","2031.00","73"
"1","78","46.00","76"
"1","79","4858395.39","16"
"1","80","2450921.99","29"
"1","81","4258639.61","18"
"1","82","2964084.11","27"
"1","83","815679.00","49"
"1","85","527080.20","55"
"1","87","6578897.64","11"
"1","90","11787139.34","3"
"1","91","9186168.91","6"
"1","92","19370632.64","1"
"1","93","10252983.08","5"
"1","94","9034821.25","7"
"1","95","17270404.89","2"
"1","96","4056723.46","19"
"1","97","5034650.88","15"
"1","98","1691371.22","33"
"1","99","11325.37","72"
"2","1","4401251.25","21"
"2","2","9425547.92","10"
"2","3","2499148.56","33"
"2","4","6521896.32","13"
"2","5","4369410.09","22"
"2","6","973598.70","52"
"2","7","5788330.70","15"
"2","8","8395153.83","11"
"2","9","4915748.62","17"
"2","10","5554957.19","16"
"2","11","3343724.12","29"
"2","12","1106240.32","48"
"2","13","6594868.17","12"
"2","14","3047921.01","31"
"2","16","3861740.69","25"
"2","17","1972092.15","38"
"2","18","1320694.62","45"
"2","19","579641.91","60"
"2","20","822052.58","53"
"2","21","1417264.40","43"
"2","22","1847990.98","40"
"2","23","4171398.17","24"
"2","24","1188267.73","47"
"2","25","2187829.70","36"
"2","26","1336724.69","44"
"2","27","262827.51","66"
"2","28","114244.59","69"
"2","29","1016942.02","51"
"2","30","712305.22","56"
"2","31","555520.25","61"
"2","32","1680978.83","42"
"2","33","1070797.87","49"
"2","34","2516114.10","32"
"2","35","554209.17","62"
"2","36","376340.33","64"
"2","37","643535.86","58"
"2","38","12171444.43","4"
"2","39","9.36","78"
"2","40","11178962.11","6"
"2","41","370687.57","65"
"2","42","1253946.65","46"
"2","44","1036112.39","50"
"2","45","1923.23","73"
"2","46","4243571.41","23"
"2","47","397.50","75"
"2","48","188810.36","68"
"2","49","2226290.59","35"
"2","51","194.72","76"
"2","52","593217.42","59"
"2","54","14212.39","72"
"2","55","1867622.57","39"
"2","56","792952.49","55"
"2","58","3090232.73","30"
"2","59","198987.44","67"
"2","60","24591.60","70"
"2","67","1733911.55","41"
"2","71","662749.14","57"
"2","72","10428918.02","7"
"2","74","2429056.06","34"
"2","77","1635.00","74"
"2","78","117.64","77"
"2","79","4684550.87","19"
"2","80","3723902.12","26"
"2","81","4433069.25","20"
"2","82","3524554.26","28"
"2","83","816632.91","54"
"2","85","525102.12","63"
"2","87","3565416.97","27"
"2","90","13958449.81","3"
"2","91","11527284.39","5"
"2","92","23572153.03","1"
"2","93","10093222.72","8"
"2","94","10012670.17","9"
"2","95","20533191.52","2"
"2","96","4907626.13","18"
"2","97","5819700.18","14"
"2","98","2007062.32","37"
"2","99","19987.67","71"
"3","1","1047992.81","17"
"3","2","2408373.92","4"
"3","3","787830.01","22"
"3","4","1206088.67","13"
"3","5","1672437.42","6"
"3","6","287774.89","39"
"3","7","1436340.85","10"
"3","8","1188366.35","14"
"3","9","1295867.10","11"
"3","10","1554688.01","9"
"3","11","1254814.71","12"
"3","12","340855.23","35"
"3","13","1624917.82","7"
"3","14","661610.81","23"
"3","16","1125634.27","15"
"3","17","376690.55","34"
"3","18","340477.94","36"
"3","19","104577.78","53"
"3","20","240554.49","40"
"3","21","177967.74","46"
"3","22","443553.09","31"
"3","23","1560606.20","8"
"3","24","395198.71","33"
"3","25","609244.06","27"
"3","26","407557.27","32"
"3","27","71527.69","56"
"3","28","23862.42","61"
"3","29","216988.78","43"
"3","30","177881.56","47"
"3","31","125621.99","51"
"3","32","614343.88","26"
"3","33","461626.18","30"
"3","34","654899.84","24"
"3","35","205823.55","44"
"3","36","89044.58","55"
"3","38","15529566.07","1"
"3","40","2603044.48","3"
"3","41","92496.98","54"
"3","42","632481.05","25"
"3","44","305113.06","37"
"3","45","119.07","70"
"3","46","883634.11","21"
"3","47","311.00","69"
"3","49","949.40","66"
"3","51","330.12","68"
"3","52","137478.80","49"
"3","54","6589.17","63"
"3","55","1022984.52","19"
"3","56","229773.67","41"
"3","59","30120.05","60"
"3","60","19752.00","62"
"3","67","289072.02","38"
"3","71","157530.23","48"
"3","72","3259950.49","2"
"3","74","482619.39","29"
"3","77","1272.00","64"
"3","78","6.00","72"
"3","79","1033943.26","18"
"3","80","512.83","67"
"3","81","204389.91","45"
"3","82","964760.71","20"
"3","83","19.33","71"
"3","85","125000.33","52"
"3","87","134339.27","50"
"3","90","220227.03","42"
"3","91","45572.04","58"
"3","92","1082264.07","16"
"3","94","35439.90","59"
"3","95","2251610.54","5"
"3","96","562639.22","28"
"3","97","48081.23","57"
"3","98","1100.55","65"
"4","1","5288131.43","22"
"4","2","13390422.10","4"
"4","3","2718786.31","32"
"4","4","8094286.22","13"
"4","5","6530582.17","17"
"4","6","1178574.21","50"
"4","7","7254125.65","15"
"4","8","9001810.50","12"
"4","9","4924515.45","23"
"4","10","5329562.44","21"
"4","11","3881854.64","27"
"4","12","1164293.27","51"
"4","13","9952291.97","8"
"4","14","4085153.85","26"
"4","16","3041631.88","29"
"4","17","2261670.56","36"
"4","18","1630171.43","43"
"4","19","434479.44","62"
"4","20","1271027.31","48"
"4","21","1267734.06","49"
"4","22","2472458.03","35"
"4","23","6611463.84","16"
"4","24","1555168.07","44"
"4","25","2236627.04","37"
"4","26","2635455.67","34"
"4","27","368926.58","65"
"4","28","131021.21","69"
"4","29","1354513.33","46"
"4","30","1098767.21","53"
"4","31","545293.89","59"
"4","32","1957016.54","40"
"4","33","1759480.04","42"
"4","34","3595402.58","28"
"4","35","625850.19","58"
"4","36","429748.10","63"
"4","37","520627.64","61"
"4","38","11453434.29","6"
"4","39","1.56","78"
"4","40","11258284.62","7"
"4","41","139484.72","68"
"4","42","1360190.05","45"
"4","44","778143.59","57"
"4","45","671.15","74"
"4","46","5595432.15","19"
"4","47","305.97","75"
"4","48","327770.79","66"
"4","49","988369.76","54"
"4","51","188.60","76"
"4","52","532177.55","60"
"4","54","18464.18","72"
"4","55","2668755.69","33"
"4","56","863797.34","56"
"4","58","869174.35","55"
"4","59","226861.92","67"
"4","60","58743.70","70"
"4","67","1783414.02","41"
"4","71","1099100.68","52"
"4","72","14477956.47","3"
"4","74","2949705.01","30"
"4","77","2412.00","73"
"4","78","43.00","77"
"4","79","7498441.94","14"
"4","80","2771211.50","31"
"4","81","4440905.80","24"
"4","82","4200098.90","25"
"4","83","1310054.08","47"
"4","85","390398.58","64"
"4","87","2033955.11","39"
"4","90","12762602.07","5"
"4","91","9514563.23","11"
"4","92","22789210.43","1"
"4","93","9697568.31","10"
"4","94","9746752.24","9"
"4","95","21054815.74","2"
"4","96","5483559.95","20"
"4","97","5625511.17","18"
"4","98","2146322.66","38"
"4","99","26173.66","71"
"5","1","1397761.09","11"
"5","2","1761467.32","5"
"5","3","586455.18","22"
"5","4","1410095.37","9"
"5","5","957985.92","16"
"5","6","170321.24","47"
"5","7","875801.26","18"
"5","8","1964206.45","4"
"5","9","1132532.25","12"
"5","10","1399025.54","10"
"5","11","1056634.07","15"
"5","12","359694.66","33"
"5","13","1607699.82","7"
"5","14","528731.40","24"
"5","16","1103612.17","14"
"5","17","342739.73","36"
"5","18","218589.30","39"
"5","19","2640.66","64"
"5","20","174579.09","45"
"5","21","188247.29","44"
"5","22","347497.72","35"
"5","23","878286.37","17"
"5","24","211673.29","40"
"5","25","384037.68","31"
"5","26","254855.96","37"
"5","27","53952.35","58"
"5","28","29069.38","61"
"5","29","192152.66","42"
"5","30","122572.80","50"
"5","31","93729.32","52"
"5","32","350478.36","34"
"5","33","228622.81","38"
"5","34","515195.05","25"
"5","35","166177.73","48"
"5","36","83950.11","54"
"5","38","7893570.24","1"
"5","40","2764046.28","3"
"5","41","75039.71","56"
"5","42","419292.61","30"
"5","44","188394.51","43"
"5","45","1282.59","66"
"5","46","700075.02","21"
"5","47","426.00","69"
"5","49","2191.93","65"
"5","51","33.40","70"
"5","52","75906.50","55"
"5","54","4499.94","63"
"5","55","492649.30","27"
"5","56","174505.29","46"
"5","58","103670.00","51"
"5","59","8060.37","62"
"5","60","33824.00","59"
"5","67","434271.63","29"
"5","71","65302.56","57"
"5","72","1666882.23","6"
"5","74","503898.82","26"
"5","77","930.15","67"
"5","78","6.00","72"
"5","79","716311.66","20"
"5","80","18.24","71"
"5","81","374064.71","32"
"5","82","555953.61","23"
"5","85","133716.02","49"
"5","87","1442810.20","8"
"5","90","437511.36","28"
"5","91","208382.70","41"
"5","92","1109566.40","13"
"5","94","30445.93","60"
"5","95","2765719.24","2"
"5","96","855950.97","19"
"5","97","84717.93","53"
"5","98","689.45","68"
"6","1","3413060.19","25"
"6","2","7188529.53","7"
"6","3","2403349.35","32"
"6","4","4888793.41","18"
"6","5","4928538.99","17"
"6","6","1033256.03","48"
"6","7","4937342.47","16"
"6","8","6803613.93","9"
"6","9","6902761.60","8"
"6","10","6783416.34","10"
"6","11","3129143.03","27"
"6","12","955700.27","52"
"6","13","5397811.19","15"
"6","14","3658475.02","23"
"6","16","4033173.08","21"
"6","17","2330469.92","34"
"6","18","1299601.38","46"
"6","19","369698.58","65"
"6","20","1329879.78","44"
"6","21","1344000.58","43"
"6","22","2693140.58","30"
"6","23","4367064.67","19"
"6","24","970881.47","51"
"6","25","1970209.87","36"
"6","26","1301105.43","45"
"6","27","257194.63","66"
"6","28","82730.57","69"
"6","29","980707.43","50"
"6","30","717898.35","55"
"6","31","464541.76","61"
"6","32","1625885.64","40"
"6","33","1031595.06","49"
"6","34","2588507.54","31"
"6","35","507857.88","59"
"6","36","494208.77","60"
"6","37","559382.98","58"
"6","38","11231963.48","4"
"6","40","9414222.99","5"
"6","41","377740.56","64"
"6","42","1344116.35","42"
"6","44","1112607.53","47"
"6","45","2613.53","73"
"6","46","3947110.59","22"
"6","47","-756.42","77"
"6","48","250961.87","67"
"6","49","1786972.78","38"
"6","51","249.83","75"
"6","52","601806.86","56"
"6","54","22135.70","71"
"6","55","2346316.04","33"
"6","56","933915.29","53"
"6","58","428066.91","62"
"6","59","145395.12","68"
"6","60","26922.88","70"
"6","67","1673265.98","39"
"6","71","822550.43","54"
"6","72","11466766.90","3"
"6","74","3132082.88","26"
"6","77","1250.37","74"
"6","78","68.00","76"
"6","79","3497356.52","24"
"6","80","1962591.80","37"
"6","81","2209985.74","35"
"6","82","2876011.53","29"
"6","83","576434.99","57"
"6","85","383651.79","63"
"6","87","5775806.81","14"
"6","90","7681297.35","6"
"6","91","6473667.94","11"
"6","92","14160545.90","1"
"6","93","5914430.12","13"
"6","94","5963342.17","12"
"6","95","12756856.44","2"
"6","96","4354427.54","20"
"6","97","2951186.39","28"
"6","98","1391118.39","41"
"6","99","15545.47","72"
"7","1","1364620.58","23"
"7","2","3232327.78","7"
"7","3","1234595.78","25"
"7","4","2137924.16","10"
"7","5","1982030.12","15"
"7","6","905179.82","31"
"7","7","1562383.26","19"
"7","8","1997798.57","14"
"7","9","4250351.26","5"
"7","10","3022528.12","8"
"7","11","2196808.06","9"
"7","12","811420.97","33"
"7","13","2133063.56","11"
"7","14","1445451.79","21"
"7","16","1971748.19","17"
"7","17","796281.97","34"
"7","18","404315.52","42"
"7","19","24349.76","66"
"7","20","447272.33","41"
"7","21","269592.92","48"
"7","22","974457.44","26"
"7","23","2021764.64","13"
"7","24","365474.43","43"
"7","25","746458.61","36"
"7","26","278694.96","47"
"7","27","92182.50","59"
"7","28","27265.74","65"
"7","29","194996.58","52"
"7","30","157753.45","56"
"7","31","257336.97","50"
"7","32","768874.95","35"
"7","33","325977.38","45"
"7","34","669868.31","37"
"7","35","57636.01","63"
"7","36","268970.15","49"
"7","38","4497609.50","4"
"7","40","4519279.35","3"
"7","41","229658.63","51"
"7","42","927361.05","28"
"7","44","509437.10","40"
"7","45","1939.79","71"
"7","46","2097828.41","12"
"7","47","-158.50","76"
"7","48","115026.00","57"
"7","49","2383.11","70"
"7","51","1379.36","72"
"7","52","186416.89","54"
"7","54","8174.50","69"
"7","55","946165.29","27"
"7","56","917756.70","30"
"7","58","97262.85","58"
"7","59","9534.27","68"
"7","60","14261.96","67"
"7","67","570518.82","39"
"7","71","342353.41","44"
"7","72","6447844.96","1"
"7","74","1389121.35","22"
"7","77","1173.00","73"
"7","78","12.00","75"
"7","79","837537.74","32"
"7","80","60840.49","62"
"7","81","918991.20","29"
"7","82","1358637.56","24"
"7","83","80373.87","61"
"7","85","294034.41","46"
"7","87","1589190.06","18"
"7","90","1981752.04","16"
"7","91","1467734.84","20"
"7","92","3793917.35","6"
"7","93","189929.49","53"
"7","94","80423.24","60"
"7","95","4891757.91","2"
"7","96","160643.80","55"
"7","97","625614.69","38"
"7","98","36785.01","64"
"7","99","15.00","74"
"8","1","2114945.31","24"
"8","2","5109364.51","7"
"8","3","1527712.63","29"
"8","4","3015771.23","14"
"8","5","2836955.44","18"
"8","6","485545.84","50"
"8","7","2898430.36","16"
"8","8","3780708.98","10"
"8","9","1686350.62","27"
"8","10","2955300.03","15"
"8","11","2663812.79","19"
"8","12","1019953.33","35"
"8","13","3611834.86","12"
"8","14","1540361.30","28"
"8","16","2359567.75","22"
"8","17","1071704.78","33"
"8","18","731300.89","45"
"8","19","152419.97","63"
"8","20","539286.71","48"
"8","21","670064.02","46"
"8","22","1020750.20","34"
"8","23","2101109.38","25"
"8","24","633402.90","47"
"8","25","972568.24","38"
"8","26","880316.72","39"
"8","27","132106.36","65"
"8","28","45285.36","67"
"8","29","416886.48","51"
"8","30","333942.44","53"
"8","31","202445.05","61"
"8","32","830506.14","40"
"8","33","731465.16","44"
"8","34","1197169.41","32"
"8","35","269622.24","59"
"8","36","141450.51","64"
"8","37","321552.95","57"
"8","38","8381164.64","3"
"8","40","5438129.94","5"
"8","41","164030.89","62"
"8","42","755621.89","42"
"8","44","529130.66","49"
"8","45","86.33","74"
"8","46","2564472.09","20"
"8","47","503.50","72"
"8","49","324952.10","56"
"8","51","104.32","73"
"8","52","278165.83","58"
"8","54","8622.64","70"
"8","55","1011301.87","36"
"8","56","733580.14","43"
"8","58","265332.00","60"
"8","59","88790.09","66"
"8","60","33797.40","68"
"8","67","757651.22","41"
"8","71","328799.80","55"
"8","72","5344391.81","6"
"8","74","1306599.23","31"
"8","77","999.00","71"
"8","78","72.28","75"
"8","79","3022875.03","13"
"8","80","1314014.86","30"
"8","81","1800571.29","26"
"8","82","2120121.93","23"
"8","83","376565.83","52"
"8","85","332025.99","54"
"8","87","2889197.11","17"
"8","90","5624699.96","4"
"8","91","4508870.21","8"
"8","92","8646585.09","2"
"8","93","3934735.85","9"
"8","94","3638288.66","11"
"8","95","9002059.31","1"
"8","96","50.96","76"
"8","97","2427906.41","21"
"8","98","983906.70","37"
"8","99","10435.38","69"
"9","1","1694057.83","18"
"9","2","3570635.27","5"
"9","3","1072122.02","23"
"9","4","2454730.53","9"
"9","5","2757432.68","8"
"9","6","401317.54","41"
"9","7","1977217.29","13"
"9","8","3063699.31","7"
"9","9","1887109.47","14"
"9","10","1831898.69","15"
"9","11","2105113.15","10"
"9","12","924647.44","26"
"9","13","3165076.29","6"
"9","14","1053841.30","24"
"9","16","1717939.48","17"
"9","17","707995.73","29"
"9","18","451106.52","37"
"9","19","206601.36","50"
"9","20","367214.69","42"
"9","21","516871.89","33"
"9","22","706684.92","30"
"9","23","1573084.33","19"
"9","24","354318.82","44"
"9","25","744304.48","28"
"9","26","576686.22","32"
"9","27","100562.95","57"
"9","28","35227.43","60"
"9","29","274472.66","46"
"9","30","228999.91","48"
"9","31","157358.92","52"
"9","32","637551.60","31"
"9","33","366661.91","43"
"9","34","816684.31","27"
"9","35","206742.88","49"
"9","36","113671.91","56"
"9","38","11184287.78","1"
"9","40","4169616.04","4"
"9","41","144172.90","53"
"9","42","438138.88","38"
"9","44","475954.44","36"
"9","45","254.28","68"
"9","46","1111552.08","22"
"9","47","-55.26","72"
"9","48","50410.00","58"
"9","49","2697.70","65"
"9","51","14.16","70"
"9","52","239125.62","47"
"9","54","5752.38","63"
"9","55","1230808.22","21"
"9","56","432934.81","39"
"9","59","25118.05","61"
"9","60","8158.78","62"
"9","67","499557.09","35"
"9","71","198639.34","51"
"9","72","4614446.57","2"
"9","74","1042362.33","25"
"9","77","954.00","66"
"9","78","0.00","71"
"9","79","1745867.54","16"
"9","80","-155.02","73"
"9","81","340595.10","45"
"9","82","1420540.85","20"
"9","85","125358.01","54"
"9","87","2100650.40","11"
"9","90","426318.68","40"
"9","91","124306.08","55"
"9","92","2019598.03","12"
"9","93","42.48","69"
"9","94","44334.33","59"
"9","95","4229232.26","3"
"9","96","514243.41","34"
"9","97","3353.90","64"
"9","98","391.02","67"
"10","1","5709294.87","19"
"10","2","15700726.68","2"
"10","3","4588323.95","22"
"10","4","6946915.17","14"
"10","5","8347404.82","11"
"10","6","1509586.76","47"
"10","7","8431954.34","10"
"10","8","12403798.07","5"
"10","9","9214451.32","8"
"10","10","6879453.08","15"
"10","11","4706389.60","21"
"10","12","1321771.67","49"
"10","13","8980266.65","9"
"10","14","5726383.20","18"
"10","16","4329164.09","23"
"10","17","3890541.42","24"
"10","18","1916873.05","39"
"10","19","440023.65","60"
"10","20","2223857.89","35"
"10","21","1384088.72","48"
"10","22","3663507.58","25"
"10","23","9399368.06","7"
"10","24","2170628.88","36"
"10","25","3023251.13","29"
"10","26","2459188.40","32"
"10","27","623683.99","56"
"10","28","189779.20","65"
"10","29","2245646.75","34"
"10","30","1643087.01","43"
"10","31","875496.06","52"
"10","32","3084688.68","28"
"10","33","2133465.99","37"
"10","34","6256746.87","16"
"10","35","1228687.33","51"
"10","36","522636.09","59"
"10","37","578903.96","58"
"10","38","12593725.11","4"
"10","40","14280921.17","3"
"10","41","1555174.13","45"
"10","42","1660065.48","42"
"10","44","1269625.17","50"
"10","45","2622.25","73"
"10","46","7859995.67","12"
"10","47","-2329.00","77"
"10","48","311025.20","62"
"10","49","2833619.70","31"
"10","50","608845.42","57"
"10","51","455.37","75"
"10","52","737714.60","54"
"10","54","30202.42","71"
"10","55","2947042.38","30"
"10","56","181016.32","66"
"10","58","651327.58","55"
"10","59","286931.09","63"
"10","60","71795.20","67"
"10","67","1909446.62","40"
"10","71","2254896.29","33"
"10","72","20410926.56","1"
"10","74","6002564.40","17"
"10","77","1590.00","74"
"10","78","48.00","76"
"10","79","5403651.41","20"
"10","80","50789.59","68"
"10","81","1516807.88","46"
"10","82","3362846.34","27"
"10","83","39961.21","69"
"10","85","419486.43","61"
"10","87","3441451.09","26"
"10","90","2043737.38","38"
"10","91","1816608.28","41"
"10","92","7214454.67","13"
"10","93","203119.84","64"
"10","94","39777.15","70"
"10","95","10488285.62","6"
"10","96","1584393.76","44"
"10","97","761261.43","53"
"10","98","21799.70","72"
"11","1","2697110.41","26"
"11","2","8167348.65","5"
"11","3","2520915.35","28"
"11","4","4123797.47","17"
"11","5","5242861.04","11"
"11","6","847315.28","52"
"11","7","4982707.51","12"
"11","8","4921409.29","13"
"11","9","2725031.19","25"
"11","10","3353348.96","20"
"11","11","2580440.75","27"
"11","12","613999.60","54"
"11","13","5895624.90","9"
"11","14","3524165.37","19"
"11","16","2198072.51","31"
"11","17","1912358.78","34"
"11","18","1390167.36","41"
"11","19","117718.14","68"
"11","20","1377799.56","43"
"11","21","1082738.31","49"
"11","22","2216529.21","30"
"11","23","4908115.14","14"
"11","24","1228701.88","46"
"11","25","1633010.72","37"
"11","26","1620601.08","38"
"11","27","315048.66","63"
"11","28","130484.92","67"
"11","29","1319287.22","45"
"11","30","967433.29","50"
"11","31","421427.50","61"
"11","32","1539532.15","39"
"11","33","1193834.15","47"
"11","34","3200217.05","23"
"11","35","603844.51","55"
"11","36","425575.90","60"
"11","37","562456.15","56"
"11","38","10518425.83","3"
"11","40","7670612.25","6"
"11","41","185292.21","65"
"11","42","879871.58","51"
"11","44","774236.62","53"
"11","45","1275.84","73"
"11","46","3930191.96","18"
"11","47","23.00","78"
"11","48","30.00","77"
"11","49","1161538.63","48"
"11","50","79.00","75"
"11","51","435.10","74"
"11","52","365854.89","62"
"11","54","33884.93","69"
"11","55","1803138.66","36"
"11","56","478609.07","57"
"11","58","471684.97","59"
"11","59","151209.11","66"
"11","60","15767.40","71"
"11","67","1447158.71","40"
"11","71","1381559.61","42"
"11","72","10331305.11","4"
"11","74","3331500.71","21"
"11","77","1697.12","72"
"11","78","65.00","76"
"11","79","4482238.90","16"
"11","80","1922866.88","33"
"11","81","1850996.50","35"
"11","82","3285972.04","22"
"11","83","475845.32","58"
"11","85","275281.18","64"
"11","87","2116679.14","32"
"11","90","7006425.74","7"
"11","91","6010343.01","8"
"11","92","11067162.05","2"
"11","93","4665211.08","15"
"11","94","5358787.51","10"
"11","95","11080680.91","1"
"11","96","3100997.73","24"
"11","97","2373256.25","29"
"11","98","1368560.26","44"
"11","99","25005.03","70"
"12","1","2478202.53","23"
"12","2","10652763.01","1"
"12","3","2507540.99","22"
"12","4","3814351.71","13"
"12","5","3969137.26","12"
"12","6","963988.01","41"
"12","7","4896670.23","10"
"12","8","6038842.10","8"
"12","9","2796083.36","18"
"12","10","2570455.19","19"
"12","11","2543938.11","20"
"12","12","697593.99","46"
"12","13","6717422.85","5"
"12","14","2819851.27","17"
"12","16","1083879.59","36"
"12","17","1668353.71","27"
"12","18","1127818.11","34"
"12","19","421729.32","51"
"12","20","937897.15","42"
"12","21","604258.11","47"
"12","22","1442273.14","32"
"12","23","5549827.25","9"
"12","24","1599127.97","29"
"12","25","2878582.82","16"
"12","26","1965996.89","26"
"12","27","288456.22","56"
"12","28","125862.72","59"
"12","29","997204.55","38"
"12","30","850950.12","45"
"12","31","502023.32","49"
"12","32","1359492.69","33"
"12","33","1557024.64","31"
"12","34","3329685.06","15"
"12","35","422230.71","50"
"12","36","352996.02","53"
"12","38","7426831.29","3"
"12","40","6923319.50","4"
"12","41","110174.53","60"
"12","42","857422.95","44"
"12","44","965773.75","40"
"12","45","2272.89","68"
"12","46","4691219.99","11"
"12","47","-965.78","75"
"12","49","1492.44","69"
"12","51","131.54","71"
"12","52","544400.60","48"
"12","54","17641.64","66"
"12","55","2027650.30","25"
"12","56","143059.39","58"
"12","58","353550.44","52"
"12","59","178753.50","57"
"12","60","59988.80","63"
"12","67","889956.24","43"
"12","71","1090946.59","35"
"12","72","8656679.78","2"
"12","74","2542126.37","21"
"12","77","1307.28","70"
"12","78","89.00","73"
"12","79","6187658.28","7"
"12","80","7963.04","67"
"12","81","1044702.58","37"
"12","82","2181397.36","24"
"12","83","29756.30","65"
"12","85","326631.99","55"
"12","87","1637701.16","28"
"12","90","1581605.09","30"
"12","91","969517.33","39"
"12","92","3529611.68","14"
"12","93","80494.30","62"
"12","94","37302.72","64"
"12","95","6207037.03","6"
"12","96","109.50","72"
"12","97","342469.95","54"
"12","98","106908.21","61"
"12","99","29.88","74"
"13","1","6723925.13","15"
"13","2","10916614.28","8"
"13","3","3734677.19","27"
"13","4","6086548.39","16"
"13","5","8120531.67","11"
"13","6","1127816.26","52"
"13","7","8565233.62","10"
"13","8","5182158.12","19"
"13","9","5896811.66","18"
"13","10","4208758.73","24"
"13","11","3043152.94","29"
"13","12","1133510.59","51"
"13","13","6820931.00","14"
"13","14","3772146.12","26"
"13","16","3182533.94","28"
"13","17","2533001.60","33"
"13","18","1990597.80","39"
"13","19","569133.43","60"
"13","20","1255823.03","49"
"13","21","1303744.05","48"
"13","22","2356209.24","34"
"13","23","4320925.00","22"
"13","24","1491031.41","42"
"13","25","2171003.14","37"
"13","26","1853121.04","40"
"13","27","383955.02","65"
"13","28","201685.30","68"
"13","29","879739.71","55"
"13","30","646411.56","59"
"13","31","568816.69","61"
"13","32","1463490.12","44"
"13","33","1558385.41","41"
"13","34","2745786.42","31"
"13","35","523462.08","62"
"13","36","352475.94","66"
"13","37","502064.03","63"
"13","38","11938483.10","4"
"13","40","11118579.86","6"
"13","41","394341.03","64"
"13","42","1146270.32","50"
"13","43","1.07","79"
"13","44","1468629.75","43"
"13","45","2041.45","75"
"13","46","5923444.75","17"
"13","47","2212.94","74"
"13","48","183679.26","70"
"13","49","1316590.91","46"
"13","50","311138.75","67"
"13","51","1219.74","77"
"13","52","654851.38","58"
"13","54","16097.60","73"
"13","55","2867955.09","30"
"13","56","965450.41","54"
"13","58","1072741.85","53"
"13","59","189880.60","69"
"13","60","135989.20","71"
"13","67","2319354.98","35"
"13","71","1390424.78","45"
"13","72","11028044.09","7"
"13","74","4258553.37","23"
"13","77","1272.00","76"
"13","78","90.80","78"
"13","79","7627331.88","12"
"13","80","2699045.44","32"
"13","81","4758502.78","20"
"13","82","4664593.37","21"
"13","83","720316.49","56"
"13","85","687343.65","57"
"13","87","2197302.73","36"
"13","90","16529671.45","3"
"13","91","11622037.71","5"
"13","92","23170876.20","1"
"13","93","7153566.02","13"
"13","94","10799771.04","9"
"13","95","19568811.27","2"
"13","96","1310606.43","47"
"13","97","3940616.57","25"
"13","98","2142258.03","38"
"13","99","31502.00","72"
"14","1","4377485.02","21"
"14","2","11111794.69","7"
"14","3","2776813.18","32"
"14","4","7569894.23","14"
"14","5","4785970.48","19"
"14","6","1003406.66","52"
"14","7","7615629.49","13"
"14","8","7639826.46","12"
"14","9","3149661.30","29"
"14","10","2883690.40","31"
"14","11","2911436.11","30"
"14","12","781912.46","55"
"14","13","8581406.22","11"
"14","14","3542836.15","26"
"14","16","4239541.04","22"
"14","17","3299781.33","28"
"14","18","1742143.37","40"
"14","19","148999.96","67"
"14","20","1626703.24","43"
"14","21","1243723.54","49"
"14","22","2670884.37","33"
"14","23","5143459.85","17"
"14","24","1313709.16","48"
"14","25","2035051.38","38"
"14","26","1722885.55","41"
"14","27","366653.62","61"
"14","28","175005.21","66"
"14","29","1412897.53","45"
"14","30","956875.41","53"
"14","31","543984.35","59"
"14","32","1832864.30","39"
"14","33","1360463.68","47"
"14","34","3504142.29","27"
"14","35","577003.86","58"
"14","36","488437.04","60"
"14","38","14780483.91","4"
"14","40","10346973.93","8"
"14","41","579803.49","57"
"14","42","1125268.48","51"
"14","43","0.25","76"
"14","44","768928.77","56"
"14","45","199.60","73"
"14","46","4676305.29","20"
"14","47","-186.67","77"
"14","49","1696629.60","42"
"14","50","312729.80","64"
"14","51","3264.80","71"
"14","52","338929.62","63"
"14","54","19775.17","70"
"14","55","2266581.15","36"
"14","56","850927.21","54"
"14","58","1166485.88","50"
"14","59","195637.28","65"
"14","60","53110.96","68"
"14","67","2092364.58","37"
"14","71","1400777.73","46"
"14","72","13462139.10","5"
"14","74","3716581.00","24"
"14","77","993.00","72"
"14","78","35.88","75"
"14","79","5402838.99","16"
"14","80","5096234.03","18"
"14","81","5775591.09","15"
"14","82","3838827.35","23"
"14","83","1563488.77","44"
"14","85","341061.34","62"
"14","87","2486474.09","35"
"14","90","15325988.39","3"
"14","91","13071120.15","6"
"14","92","26101497.71","1"
"14","93","8878673.08","10"
"14","94","9229386.69","9"
"14","95","20655911.35","2"
"14","96","67.52","74"
"14","97","3672883.18","25"
"14","98","2540825.96","34"
"14","99","27328.91","69"
"15","1","1979941.94","16"
"15","2","3763389.74","5"
"15","3","1497326.11","24"
"15","4","1870750.66","18"
"15","5","2354596.10","11"
"15","6","606912.56","42"
"15","7","3184212.47","6"
"15","8","2919626.32","8"
"15","9","2281521.09","12"
"15","10","1648054.45","21"
"15","11","2007894.15","14"
"15","12","523158.08","44"
"15","13","2699732.80","9"
"15","14","1828384.11","19"
"15","16","2077501.06","13"
"15","17","1605290.14","22"
"15","18","689658.15","35"
"15","19","159781.12","60"
"15","20","636698.14","38"
"15","21","438802.12","50"
"15","22","1217740.05","28"
"15","23","3080639.90","7"
"15","24","689583.84","36"
"15","25","1280262.46","27"
"15","26","708668.85","34"
"15","27","223266.56","56"
"15","28","99451.51","61"
"15","29","670299.77","37"
"15","30","485839.94","47"
"15","31","337395.62","53"
"15","32","733033.58","33"
"15","33","611720.25","41"
"15","34","1973521.42","17"
"15","35","375056.05","52"
"15","36","197853.07","58"
"15","37","-2.50","79"
"15","38","7517821.66","1"
"15","40","4398006.14","3"
"15","41","169294.95","59"
"15","42","506933.83","45"
"15","43","6.00","78"
"15","44","483159.06","48"
"15","45","296.54","73"
"15","46","1768109.30","20"
"15","47","343.50","72"
"15","48","253.96","75"
"15","49","1380876.66","25"
"15","50","323490.71","54"
"15","51","280.67","74"
"15","52","223257.76","57"
"15","54","6201.10","69"
"15","55","954632.46","30"
"15","56","526817.12","43"
"15","58","97842.00","62"
"15","59","47561.25","65"
"15","60","11031.20","68"
"15","67","888728.05","31"
"15","71","618780.85","40"
"15","72","5998411.98","2"
"15","74","1995340.91","15"
"15","77","1416.65","71"
"15","78","34.00","76"
"15","79","1199059.47","29"
"15","80","6138.49","70"
"15","81","630567.57","39"
"15","82","1516786.59","23"
"15","83","51503.32","64"
"15","85","462629.05","49"
"15","87","1307396.15","26"
"15","90","764369.38","32"
"15","91","488307.95","46"
"15","92","2611519.89","10"
"15","93","60471.59","63"
"15","94","26199.00","67"
"15","95","3902615.45","4"
"15","96","398134.72","51"
"15","97","296183.30","55"
"15","98","35282.13","66"
"15","99","29.88","77"
"16","1","1623404.55","16"
"16","2","3367527.73","6"
"16","3","1091866.10","23"
"16","4","2108975.17","9"
"16","5","1929719.03","12"
"16","6","735883.57","30"
"16","7","1650836.35","15"
"16","8","2098779.30","10"
"16","9","4145623.96","4"
"16","10","1813494.06","13"
"16","11","1721312.32","14"
"16","12","593398.23","34"
"16","13","2155065.38","8"
"16","14","1237932.87","22"
"16","16","1403079.10","18"
"16","17","1030004.79","24"
"16","18","341622.40","43"
"16","19","142274.45","55"
"16","20","476016.27","41"
"16","21","517463.00","38"
"16","22","901237.63","27"
"16","23","1610879.18","17"
"16","24","320901.38","44"
"16","25","709795.34","31"
"16","26","286707.15","48"
"16","27","108426.62","56"
"16","28","41107.72","60"
"16","29","233756.42","51"
"16","30","190190.44","53"
"16","31","166504.46","54"
"16","32","652285.81","33"
"16","33","313004.10","46"
"16","34","701589.13","32"
"16","35","84916.24","57"
"16","36","260900.80","49"
"16","38","7447254.23","1"
"16","40","4531302.87","3"
"16","41","220647.13","52"
"16","42","528306.98","37"
"16","44","560945.68","35"
"16","45","1199.70","72"
"16","46","2035159.74","11"
"16","47","-1039.08","76"
"16","48","25891.00","62"
"16","49","3283.18","69"
"16","51","2670.16","71"
"16","52","235132.67","50"
"16","54","8389.54","68"
"16","55","1013935.23","25"
"16","56","857341.39","28"
"16","58","14051.00","65"
"16","59","12232.12","67"
"16","60","12375.78","66"
"16","67","490643.02","39"
"16","71","318022.84","45"
"16","72","4575826.19","2"
"16","74","1402309.28","19"
"16","77","477.00","73"
"16","78","0.00","75"
"16","79","790775.67","29"
"16","80","40271.97","61"
"16","81","546634.75","36"
"16","82","1349791.49","20"
"16","83","14748.30","64"
"16","85","383186.36","42"
"16","87","1311462.23","21"
"16","90","989952.49","26"
"16","91","476362.31","40"
"16","92","2923916.40","7"
"16","93","56830.84","59"
"16","94","65308.25","58"
"16","95","3916165.00","5"
"16","96","18151.58","63"
"16","97","302687.67","47"
"16","98","3281.63","70"
"16","99","59.76","74"
"17","1","3260630.11","14"
"17","2","6039153.75","6"
"17","3","2756890.57","17"
"17","4","3426474.09","13"
"17","5","3872772.56","10"
"17","6","850054.24","37"
"17","7","2784892.19","16"
"17","8","2875768.73","15"
"17","9","3902993.10","8"
"17","10","2025595.00","21"
"17","11","2077402.54","20"
"17","12","1077498.41","36"
"17","13","3524792.19","12"
"17","14","2018895.08","22"
"17","16","1608299.93","27"
"17","17","1485315.69","29"
"17","18","746258.69","40"
"17","19","642868.09","43"
"17","20","640066.21","44"
"17","21","590632.26","47"
"17","22","1096650.80","34"
"17","23","1956353.55","23"
"17","24","711563.17","42"
"17","25","767925.20","39"
"17","26","1108580.58","33"
"17","27","196400.55","58"
"17","28","184603.79","59"
"17","29","378853.21","52"
"17","30","325534.08","53"
"17","31","274993.90","54"
"17","32","826104.13","38"
"17","33","730491.78","41"
"17","34","1329191.46","30"
"17","35","220423.40","56"
"17","36","268570.86","55"
"17","38","11059588.03","1"
"17","40","6774199.29","5"
"17","41","3882.37","69"
"17","42","568362.42","48"
"17","44","1077509.66","35"
"17","45","2235.88","71"
"17","46","3718999.37","11"
"17","47","109.26","74"
"17","48","182521.01","60"
"17","49","3096.10","70"
"17","51","779.73","73"
"17","52","508053.72","50"
"17","54","8831.11","68"
"17","55","1511917.48","28"
"17","56","607089.15","45"
"17","58","208107.01","57"
"17","59","91356.32","62"
"17","60","53097.00","65"
"17","67","1109271.91","32"
"17","71","495534.32","51"
"17","72","7520531.88","3"
"17","74","2188011.11","19"
"17","77","954.00","72"
"17","78","18.24","75"
"17","79","3890806.58","9"
"17","80","114210.77","61"
"17","81","1836087.52","24"
"17","82","2455881.24","18"
"17","83","71271.17","64"
"17","85","601917.35","46"
"17","87","1743032.43","25"
"17","90","4474942.79","7"
"17","91","1720816.09","26"
"17","92","7585198.87","2"
"17","93","521514.66","49"
"17","94","75308.84","63"
"17","95","7237939.06","4"
"17","96","39331.99","66"
"17","97","1115154.53","31"
"17","98","21172.39","67"
"17","99","2.29","76"
"18","1","3144334.94","16"
"18","2","9104114.95","2"
"18","3","2344196.21","25"
"18","4","3828854.63","11"
"18","5","3279555.56","13"
"18","6","810082.57","45"
"18","7","4740785.65","9"
"18","8","4581231.24","10"
"18","9","2658280.09","20"
"18","10","2395907.78","23"
"18","11","3072480.23","18"
"18","12","552771.78","52"
"18","13","6055036.69","7"
"18","14","3142761.41","17"
"18","16","2297674.84","26"
"18","17","2186404.49","29"
"18","18","1165066.60","40"
"18","19","398008.81","56"
"18","20","1202601.68","39"
"18","21","723544.00","47"
"18","22","2253676.99","27"
"18","23","5154924.45","8"
"18","24","1271290.27","38"
"18","25","2355237.49","24"
"18","26","1505379.94","33"
"18","27","392088.67","57"
"18","28","177605.35","62"
"18","29","1468754.09","34"
"18","30","883580.95","44"
"18","31","489740.15","54"
"18","32","1325492.41","36"
"18","33","1271778.60","37"
"18","34","2998934.09","19"
"18","35","553973.03","51"
"18","36","326471.49","58"
"18","38","9339684.03","1"
"18","39","28.00","75"
"18","40","8814189.53","4"
"18","41","101099.19","66"
"18","42","972687.13","43"
"18","44","722990.77","48"
"18","45","741.53","71"
"18","46","3642904.76","12"
"18","47","343.00","72"
"18","48","10.00","78"
"18","49","1539426.41","32"
"18","50","111602.75","65"
"18","51","295.44","73"
"18","52","421902.69","55"
"18","54","19068.81","68"
"18","55","1467905.44","35"
"18","56","716666.70","49"
"18","58","549724.44","53"
"18","59","141874.30","63"
"18","60","17536.20","69"
"18","67","1134743.58","41"
"18","71","1086708.10","42"
"18","72","8872146.46","3"
"18","74","3178863.76","15"
"18","77","1263.00","70"
"18","78","83.00","74"
"18","79","3227731.97","14"
"18","80","46287.96","67"
"18","81","1732547.76","31"
"18","82","2221579.56","28"
"18","83","189667.92","61"
"18","85","250208.86","60"
"18","87","2634624.83","22"
"18","90","2642839.38","21"
"18","91","2019801.00","30"
"18","92","7161386.18","6"
"18","93","287408.82","59"
"18","94","629551.25","50"
"18","95","8246560.00","5"
"18","96","14.44","77"
"18","97","743719.56","46"
"18","98","113668.46","64"
"18","99","25.12","76"
"19","1","3075076.17","25"
"19","2","7270273.43","8"
"19","3","2633234.10","30"
"19","4","4485272.98","14"
"19","5","4112569.01","16"
"19","6","850701.69","49"
"19","7","4845258.54","13"
"19","8","6093753.80","9"
"19","9","4382237.59","15"
"19","10","3950011.46","19"
"19","11","3145607.68","21"
"19","12","915741.77","46"
"19","13","4855979.16","12"
"19","14","2642470.65","29"
"19","16","4007374.81","18"
"19","17","2450602.31","32"
"19","18","1148438.96","40"
"19","19","-67.85","79"
"19","20","962069.29","44"
"19","21","1017061.83","43"
"19","22","1765180.00","39"
"19","23","4016844.13","17"
"19","24","824878.48","51"
"19","25","1857097.73","37"
"19","26","1126633.50","41"
"19","27","341150.67","63"
"19","28","125393.33","67"
"19","29","832688.32","50"
"19","30","670799.89","56"
"19","31","438622.89","59"
"19","32","1100113.98","42"
"19","33","887518.49","48"
"19","34","2498549.10","31"
"19","35","491062.82","58"
"19","36","282117.10","64"
"19","37","390915.06","62"
"19","38","11156833.57","3"
"19","39","137.08","78"
"19","40","7750389.38","7"
"19","41","411325.12","61"
"19","42","919498.11","45"
"19","44","795468.34","53"
"19","45","330.18","76"
"19","46","2910272.60","27"
"19","47","569.03","75"
"19","48","2492.88","72"
"19","49","777356.21","54"
"19","50","132817.50","66"
"19","51","1329.00","74"
"19","52","236390.94","65"
"19","54","12004.29","71"
"19","55","1990997.80","35"
"19","56","817527.35","52"
"19","58","437881.00","60"
"19","59","102309.29","68"
"19","60","76217.40","69"
"19","67","1972267.02","36"
"19","71","903566.10","47"
"19","72","10358131.55","4"
"19","74","2668036.49","28"
"19","77","2195.00","73"
"19","78","203.12","77"
"19","79","3100764.18","23"
"19","80","3127413.90","22"
"19","81","3100064.80","24"
"19","82","3262807.41","20"
"19","83","606315.97","57"
"19","85","702959.39","55"
"19","87","2429129.94","33"
"19","90","9658993.12","5"
"19","91","7821070.03","6"
"19","92","16261990.45","1"
"19","93","5303575.00","11"
"19","94","5383061.46","10"
"19","95","13905392.01","2"
"19","96","2268096.52","34"
"19","97","2912948.57","26"
"19","98","1842444.76","38"
"19","99","18055.37","70"
"20","1","5798002.67","18"
"20","2","11189928.74","8"
"20","3","2215208.89","38"
"20","4","7358261.86","13"
"20","5","5955633.47","17"
"20","6","1174136.64","49"
"20","7","7063441.99","14"
"20","8","10931643.76","9"
"20","9","5468838.22","21"
"20","10","5981184.86","16"
"20","11","3707337.05","27"
"20","12","1113538.12","51"
"20","13","8091012.11","11"
"20","14","3471430.33","29"
"20","16","3867865.27","26"
"20","17","2640409.75","35"
"20","18","1646262.00","43"
"20","19","13621.35","72"
"20","20","999984.66","52"
"20","21","1924431.78","41"
"20","22","1992255.29","39"
"20","23","5384687.64","22"
"20","24","1188317.82","48"
"20","25","2504731.57","36"
"20","26","1830990.96","42"
"20","27","387628.68","65"
"20","28","136520.89","68"
"20","29","1279381.07","46"
"20","30","900738.17","53"
"20","31","549256.73","61"
"20","32","1963129.79","40"
"20","33","1356484.61","44"
"20","34","3161299.07","31"
"20","35","834348.79","55"
"20","36","485278.01","62"
"20","37","572913.50","60"
"20","38","15759345.93","3"
"20","40","12372193.76","6"
"20","41","883338.94","54"
"20","42","1282819.72","45"
"20","44","1144458.68","50"
"20","45","666.18","74"
"20","46","4802497.50","23"
"20","47","-378.58","78"
"20","48","194518.71","67"
"20","49","3060554.25","32"
"20","50","472077.35","63"
"20","51","161.18","76"
"20","52","466761.31","64"
"20","54","31289.80","71"
"20","55","2833685.59","33"
"20","56","771711.24","57"
"20","58","594281.59","59"
"20","59","240390.92","66"
"20","60","83894.30","69"
"20","67","2493569.31","37"
"20","71","1203350.06","47"
"20","72","13154550.44","5"
"20","74","3187344.60","30"
"20","77","3150.74","73"
"20","78","29.00","77"
"20","79","5519408.07","20"
"20","80","5701519.74","19"
"20","81","4713078.80","24"
"20","82","4350270.76","25"
"20","83","804367.77","56"
"20","85","714110.01","58"
"20","87","6335146.57","15"
"20","90","13707777.99","4"
"20","91","11224526.19","7"
"20","92","23542625.04","1"
"20","93","7553057.47","12"
"20","94","9030211.90","10"
"20","95","21537795.62","2"
"20","96","244.27","75"
"20","97","3694556.90","28"
"20","98","2757665.96","34"
"20","99","35030.77","70"
"21","1","2137857.04","20"
"21","2","6832625.68","1"
"21","3","2088819.15","22"
"21","4","2767726.11","11"
"21","5","2300995.06","17"
"21","6","570377.85","46"
"21","7","3497326.07","8"
"21","8","2608042.55","15"
"21","9","2343478.80","16"
"21","10","2101524.98","21"
"21","11","1859911.88","23"
"21","12","399486.82","50"
"21","13","4057443.52","7"
"21","14","2273316.20","18"
"21","16","902074.48","36"
"21","17","1027017.09","33"
"21","18","752271.57","39"
"21","19","290622.33","55"
"21","20","772937.20","38"
"21","21","450950.58","49"
"21","22","1206424.78","29"
"21","23","5272808.50","6"
"21","24","1249676.52","28"
"21","25","2614185.76","14"
"21","26","1519174.63","27"
"21","27","235534.86","56"
"21","28","104595.69","60"
"21","29","729685.77","42"
"21","30","663344.48","44"
"21","31","555415.30","47"
"21","32","1017630.22","34"
"21","33","1171178.01","31"
"21","34","2723417.54","13"
"21","35","384697.10","52"
"21","36","297374.34","54"
"21","38","5762661.77","4"
"21","40","5660913.82","5"
"21","41","367595.31","53"
"21","42","698787.45","43"
"21","44","608470.82","45"
"21","45","179.52","71"
"21","46","2743750.00","12"
"21","47","426.97","70"
"21","48","0.00","77"
"21","49","1522517.52","26"
"21","50","10.00","75"
"21","51","20.20","74"
"21","52","393999.55","51"
"21","54","17570.14","66"
"21","55","1184938.24","30"
"21","56","216208.12","57"
"21","58","160918.06","59"
"21","59","100641.39","61"
"21","60","27367.40","65"
"21","67","733071.03","41"
"21","71","835963.99","37"
"21","72","6144138.89","2"
"21","74","1654601.67","24"
"21","77","652.00","69"
"21","78","48.00","73"
"21","79","3235597.04","9"
"21","80","2863.84","68"
"21","81","750677.30","40"
"21","82","2162267.91","19"
"21","83","28606.04","64"
"21","85","206193.79","58"
"21","87","1045052.25","32"
"21","90","1570654.62","25"
"21","91","963169.94","35"
"21","92","3133861.44","10"
"21","93","94863.93","62"
"21","94","54841.66","63"
"21","95","5774239.21","3"
"21","96","2.00","76"
"21","97","466237.87","48"
"21","98","13290.00","67"
"21","99","59.76","72"
"22","1","3073537.77","16"
"22","2","7630744.82","5"
"22","3","1880590.07","28"
"22","4","4590890.93","9"
"22","5","3315788.92","13"
"22","6","748864.02","44"
"22","7","4156812.89","11"
"22","8","5324797.72","8"
"22","9","3353765.97","12"
"22","10","2779684.66","20"
"22","11","2138111.23","25"
"22","12","530623.17","50"
"22","13","5345540.32","7"
"22","14","2460088.76","23"
"22","16","2813227.78","19"
"22","17","2080933.88","26"
"22","18","1249290.94","34"
"22","19","78949.18","64"
"22","20","954191.24","40"
"22","21","770198.12","42"
"22","22","1689447.89","31"
"22","23","4286139.50","10"
"22","24","1200026.86","35"
"22","25","1390736.88","33"
"22","26","1197671.40","36"
"22","27","292101.47","56"
"22","28","127843.53","61"
"22","29","1124643.56","37"
"22","30","712637.78","46"
"22","31","421453.97","52"
"22","32","898207.45","41"
"22","33","1060988.55","39"
"22","34","3123271.39","15"
"22","35","606867.59","49"
"22","36","340459.64","55"
"22","38","10015536.66","1"
"22","40","7770706.62","4"
"22","41","185844.69","60"
"22","42","1091681.50","38"
"22","44","725562.46","45"
"22","45","2330.80","68"
"22","46","3170094.06","14"
"22","47","231.12","72"
"22","48","32.89","75"
"22","49","351.33","71"
"22","51","1734.14","69"
"22","52","232654.00","57"
"22","54","11555.25","67"
"22","55","1552247.94","32"
"22","56","690860.82","47"
"22","58","432046.94","51"
"22","59","121880.79","62"
"22","60","58629.60","65"
"22","67","1719094.59","30"
"22","71","752773.39","43"
"22","72","9530330.67","2"
"22","74","2664019.91","21"
"22","77","1230.00","70"
"22","78","49.00","74"
"22","79","2418670.99","24"
"22","80","206927.05","59"
"22","81","1768754.03","29"
"22","82","2586185.05","22"
"22","83","219521.90","58"
"22","85","419861.74","53"
"22","87","2050022.95","27"
"22","90","3062117.86","17"
"22","91","3060950.84","18"
"22","92","7379277.49","6"
"22","93","362027.95","54"
"22","94","105434.48","63"
"22","95","8275205.67","3"
"22","96","62.43","73"
"22","97","655311.05","48"
"22","98","24680.92","66"
"22","99","27.15","76"
"23","1","4745663.86","16"
"23","2","10084728.96","2"
"23","3","2847496.76","29"
"23","4","3907375.34","21"
"23","5","5276109.27","12"
"23","6","1057270.45","49"
"23","7","6238241.64","9"
"23","8","5249564.45","13"
"23","9","7175505.73","6"
"23","10","4455189.39","19"
"23","11","4486082.34","18"
"23","12","802404.69","52"
"23","13","5429603.56","10"
"23","14","4769862.42","15"
"23","16","3346896.21","25"
"23","17","3878248.89","22"
"23","18","1429395.21","43"
"23","19","234794.46","62"
"23","20","1682597.66","37"
"23","21","1287607.15","44"
"23","22","3173947.95","27"
"23","23","6764183.71","7"
"23","24","1529861.78","42"
"23","25","2310950.32","31"
"23","26","1853443.98","35"
"23","27","466318.73","57"
"23","28","149284.95","64"
"23","29","1588808.60","41"
"23","30","1174965.08","48"
"23","31","679184.31","55"
"23","32","1616456.34","39"
"23","33","1614381.18","40"
"23","34","3724996.48","23"
"23","35","748926.52","53"
"23","36","532334.82","56"
"23","38","6273289.41","8"
"23","40","8880338.12","3"
"23","41","294082.57","61"
"23","42","1681050.87","38"
"23","44","1219497.22","47"
"23","45","4603.81","71"
"23","46","5198711.09","14"
"23","47","-551.50","77"
"23","48","1789.73","73"
"23","49","3604270.89","24"
"23","50","983232.60","50"
"23","51","1648.78","74"
"23","52","440441.62","58"
"23","54","34090.91","68"
"23","55","2260946.01","32"
"23","56","1259824.05","45"
"23","58","333879.79","59"
"23","59","202156.05","63"
"23","60","10285.00","70"
"23","67","2062237.89","33"
"23","71","1731686.45","36"
"23","72","10988695.25","1"
"23","74","5295770.01","11"
"23","77","2490.00","72"
"23","78","43.00","75"
"23","79","4433411.89","20"
"23","80","128129.33","66"
"23","81","1258912.28","46"
"23","82","3275554.39","26"
"23","83","137687.08","65"
"23","85","729927.94","54"
"23","87","4549060.57","17"
"23","90","2976543.88","28"
"23","91","2803496.08","30"
"23","92","8523454.17","4"
"23","93","297737.12","60"
"23","94","34490.69","67"
"23","95","7750469.63","5"
"23","96","1883044.98","34"
"23","97","879404.92","51"
"23","98","12070.21","69"
"23","99","29.88","76"
"24","1","2696840.34","25"
"24","2","5833995.21","10"
"24","3","1691059.23","37"
"24","4","4182086.13","13"
"24","5","4172462.41","14"
"24","6","702299.57","51"
"24","7","4116731.11","15"
"24","8","7031573.37","8"
"24","9","3324285.01","21"
"24","10","3886037.76","18"
"24","11","2443667.88","28"
"24","12","604961.76","56"
"24","13","4226885.27","12"
"24","14","2469019.67","27"
"24","16","2923587.55","23"
"24","17","1988210.34","33"
"24","18","884672.79","43"
"24","19","11817.65","70"
"24","20","833095.29","47"
"24","21","879940.24","44"
"24","22","1743126.42","35"
"24","23","4073451.88","16"
"24","24","860148.05","45"
"24","25","1699688.82","36"
"24","26","1184147.65","40"
"24","27","278955.04","61"
"24","28","97197.91","67"
"24","29","815939.66","48"
"24","30","616096.53","54"
"24","31","361877.08","59"
"24","32","1000843.75","41"
"24","33","914420.65","42"
"24","34","2338330.47","29"
"24","35","440687.00","57"
"24","36","277494.13","62"
"24","37","434215.39","58"
"24","38","8392581.36","4"
"24","40","6473215.08","9"
"24","41","225822.38","64"
"24","42","850339.21","46"
"24","44","688884.23","52"
"24","45","1140.71","74"
"24","46","2277998.02","31"
"24","47","-188.45","77"
"24","49","757173.38","49"
"24","50","182637.50","66"
"24","51","183.77","75"
"24","52","214777.70","65"
"24","54","11190.41","72"
"24","55","2279093.18","30"
"24","56","687966.76","53"
"24","58","338711.94","60"
"24","59","87267.65","68"
"24","60","11429.20","71"
"24","67","1608803.88","38"
"24","71","716615.54","50"
"24","72","8347963.13","5"
"24","74","2079380.64","32"
"24","77","1355.00","73"
"24","78","35.00","76"
"24","79","3208976.33","22"
"24","80","4072607.69","17"
"24","81","3521786.49","20"
"24","82","2774427.84","24"
"24","83","613089.38","55"
"24","85","251663.30","63"
"24","87","3684166.21","19"
"24","90","10389013.33","3"
"24","91","7498276.25","6"
"24","92","17429136.57","1"
"24","93","5416387.67","11"
"24","94","7414556.45","7"
"24","95","13431702.87","2"
"24","96","1948099.67","34"
"24","97","2659488.85","26"
"24","98","1412692.73","39"
"24","99","15723.42","69"
"25","1","2880863.34","11"
"25","2","5272597.41","6"
"25","3","1685702.73","20"
"25","4","2910258.13","9"
"25","5","1776488.49","17"
"25","6","537686.44","43"
"25","7","2569915.86","13"
"25","8","4269744.57","7"
"25","9","2092964.25","16"
"25","10","2888986.31","10"
"25","11","1608123.27","24"
"25","12","456440.80","47"
"25","13","3637481.61","8"
"25","14","1612631.78","23"
"25","16","2302713.07","15"
"25","17","1484456.10","26"
"25","18","830896.62","35"
"25","19","220.50","73"
"25","20","558374.67","41"
"25","21","744754.55","37"
"25","22","929375.03","33"
"25","23","2314598.57","14"
"25","24","430581.56","49"
"25","25","1018001.38","31"
"25","26","555976.92","42"
"25","27","172643.62","60"
"25","28","85436.97","63"
"25","29","512383.45","44"
"25","30","333092.82","53"
"25","31","236796.15","57"
"25","32","566743.45","40"
"25","33","418448.94","51"
"25","34","1620380.33","21"
"25","35","325680.12","54"
"25","36","188700.87","59"
"25","37","426424.74","50"
"25","38","6381753.99","1"
"25","40","6037565.00","3"
"25","41","472328.73","46"
"25","42","765147.13","36"
"25","44","568078.83","39"
"25","45","504.15","71"
"25","46","2672342.28","12"
"25","47","455.79","72"
"25","48","-152.32","77"
"25","49","1617584.03","22"
"25","50","315227.00","56"
"25","51","90.62","74"
"25","52","214445.75","58"
"25","54","5099.94","69"
"25","55","1011154.04","32"
"25","56","623414.58","38"
"25","58","81610.00","64"
"25","59","79089.06","65"
"25","60","18977.00","68"
"25","67","1246824.67","27"
"25","71","455315.56","48"
"25","72","5560457.03","4"
"25","74","1697240.30","19"
"25","77","954.00","70"
"25","78","33.00","75"
"25","79","1221958.67","28"
"25","80","45625.64","66"
"25","81","1152857.62","29"
"25","82","1536187.31","25"
"25","83","41582.24","67"
"25","85","486659.43","45"
"25","87","923302.53","34"
"25","90","1706361.30","18"
"25","91","1110719.91","30"
"25","92","5556187.88","5"
"25","93","111217.89","61"
"25","94","318067.39","55"
"25","95","6290734.12","2"
"25","96","-1.27","76"
"25","97","387047.84","52"
"25","98","90565.09","62"
"26","1","2774595.10","15"
"26","2","3917918.43","10"
"26","3","1052108.31","36"
"26","4","3503230.28","12"
"26","5","2515303.16","19"
"26","6","665903.88","41"
"26","7","2329135.17","21"
"26","8","4103377.98","9"
"26","9","2367555.30","20"
"26","10","1454712.65","29"
"26","11","1831727.70","25"
"26","12","647174.19","42"
"26","13","3025265.50","13"
"26","14","1550617.48","28"
"26","16","1795696.81","26"
"26","17","1117816.50","35"
"26","18","422878.31","51"
"26","19","183504.66","61"
"26","20","496849.53","47"
"26","21","808155.86","40"
"26","22","867918.87","39"
"26","23","1888815.39","24"
"26","24","385785.01","55"
"26","25","910957.68","38"
"26","26","500915.65","46"
"26","27","137543.82","64"
"26","28","53508.95","65"
"26","29","459956.55","49"
"26","30","341414.78","56"
"26","31","181469.85","62"
"26","32","595305.09","43"
"26","33","439937.68","50"
"26","34","1138831.29","34"
"26","35","279561.94","57"
"26","36","146991.90","63"
"26","38","14800243.10","1"
"26","40","5355160.11","8"
"26","41","198563.97","60"
"26","42","397267.05","54"
"26","44","544283.34","45"
"26","45","1970.04","72"
"26","46","1397378.62","30"
"26","47","1242.34","74"
"26","48","31180.00","67"
"26","49","483776.54","48"
"26","50","5661.00","71"
"26","51","797.68","75"
"26","52","242691.69","59"
"26","54","6899.30","70"
"26","55","1286818.36","31"
"26","56","559086.93","44"
"26","59","37139.68","66"
"26","60","9201.80","68"
"26","67","952510.72","37"
"26","71","404872.97","53"
"26","72","6136072.60","5"
"26","74","1226910.37","32"
"26","77","1395.00","73"
"26","78","20.87","76"
"26","79","1752265.12","27"
"26","80","2769306.59","16"
"26","81","2744464.07","17"
"26","82","1990273.02","23"
"26","83","412269.59","52"
"26","85","267603.33","58"
"26","87","2834465.58","14"
"26","90","8153372.26","4"
"26","91","5639102.22","7"
"26","92","12153328.59","2"
"26","93","3662992.40","11"
"26","94","6083820.89","6"
"26","95","10043866.35","3"
"26","96","2659275.46","18"
"26","97","2120702.13","22"
"26","98","1147710.65","33"
"26","99","7990.21","69"
"27","1","4352630.60","19"
"27","2","11297150.03","4"
"27","3","2892423.05","31"
"27","4","6234361.55","11"
"27","5","4012442.47","23"
"27","6","1105494.26","51"
"27","7","6188026.84","12"
"27","8","6031950.15","13"
"27","9","4192144.69","21"
"27","10","5256297.82","18"
"27","11","2972337.81","30"
"27","12","559415.14","57"
"27","13","7570675.58","10"
"27","14","4135360.21","22"
"27","16","3538093.49","27"
"27","17","2676041.66","33"
"27","18","1550971.67","43"
"27","19","113068.03","69"
"27","20","1595793.21","41"
"27","21","982087.96","52"
"27","22","2553932.16","34"
"27","23","5322768.48","16"
"27","24","1379763.98","47"
"27","25","1826761.49","37"
"27","26","1770878.29","38"
"27","27","302373.84","65"
"27","28","137839.15","68"
"27","29","1115679.81","50"
"27","30","719035.61","54"
"27","31","509404.73","59"
"27","32","1200823.24","49"
"27","33","1401620.47","46"
"27","34","2706503.51","32"
"27","35","511826.50","58"
"27","36","362715.40","62"
"27","37","367049.75","61"
"27","38","5680731.88","14"
"27","39","1.98","78"
"27","40","10018736.05","5"
"27","41","325804.31","63"
"27","42","1458785.65","45"
"27","44","705848.83","55"
"27","45","563.48","74"
"27","46","5471292.20","15"
"27","47","134.00","75"
"27","49","1532419.84","44"
"27","50","393647.75","60"
"27","51","76.60","77"
"27","52","322594.42","64"
"27","54","13151.89","72"
"27","55","2038510.79","36"
"27","56","796342.82","53"
"27","58","200010.00","66"
"27","59","171685.37","67"
"27","60","13341.50","71"
"27","67","1756069.92","39"
"27","71","1551028.66","42"
"27","72","9799470.53","7"
"27","74","3937806.91","24"
"27","77","1701.70","73"
"27","78","81.00","76"
"27","79","5271567.67","17"
"27","80","3837117.30","25"
"27","81","4227178.19","20"
"27","82","3728798.84","26"
"27","83","1319267.01","48"
"27","85","604670.04","56"
"27","87","2374336.45","35"
"27","90","13781558.73","3"
"27","91","9536254.81","8"
"27","92","20952094.22","1"
"27","93","7852229.21","9"
"27","94","9958367.05","6"
"27","95","17091275.76","2"
"27","96","2975399.70","29"
"27","97","3041439.22","28"
"27","98","1647951.71","40"
"27","99","20830.26","70"
"28","1","2885804.92","23"
"28","2","8258432.23","4"
"28","3","1796397.93","33"
"28","4","4001256.86","17"
"28","5","4035691.43","16"
"28","6","717324.99","52"
"28","7","4179667.91","15"
"28","8","4772707.30","13"
"28","9","2564091.54","26"
"28","10","3014926.89","21"
"28","11","1936098.13","30"
"28","12","492066.98","56"
"28","13","5476526.28","11"
"28","14","2362709.43","28"
"28","16","1079739.57","43"
"28","17","1404478.24","39"
"28","18","957897.82","45"
"28","19","258243.02","61"
"28","20","814511.60","49"
"28","21","736951.70","51"
"28","22","1460049.28","38"
"28","23","4567297.22","14"
"28","24","1191029.24","42"
"28","25","2207117.19","29"
"28","26","1563986.04","36"
"28","27","218077.90","63"
"28","28","80321.45","69"
"28","29","764991.73","50"
"28","30","559092.88","55"
"28","31","369504.14","59"
"28","32","1232544.50","40"
"28","33","1198070.93","41"
"28","34","2529041.13","27"
"28","35","382551.40","57"
"28","36","257721.18","62"
"28","37","283290.63","60"
"28","38","7032666.43","7"
"28","40","6606257.33","9"
"28","41","198034.71","65"
"28","42","906928.69","48"
"28","43","1.50","77"
"28","44","642212.34","54"
"28","45","1671.54","73"
"28","46","2920677.55","22"
"28","47","1682.92","72"
"28","49","1892574.33","31"
"28","51","21.28","76"
"28","52","378310.35","58"
"28","54","12399.11","71"
"28","55","1567281.08","35"
"28","56","103318.37","67"
"28","58","687389.15","53"
"28","59","119447.96","66"
"28","60","95174.79","68"
"28","67","916204.77","46"
"28","71","977563.74","44"
"28","72","7893983.11","6"
"28","74","1866754.67","32"
"28","77","1389.00","74"
"28","78","80.64","75"
"28","79","6215884.66","10"
"28","80","2652165.37","25"
"28","81","3163891.11","20"
"28","82","2734107.04","24"
"28","83","910167.70","47"
"28","85","204914.86","64"
"28","87","1792760.57","34"
"28","90","9335891.15","3"
"28","91","8233310.96","5"
"28","92","14083635.33","1"
"28","93","6853061.74","8"
"28","94","5171504.14","12"
"28","95","13774062.28","2"
"28","96","3759320.67","18"
"28","97","3407527.17","19"
"28","98","1526258.03","37"
"28","99","12980.83","70"
"29","1","2217172.04","11"
"29","2","3600977.77","5"
"29","3","1143421.68","26"
"29","4","2048648.92","12"
"29","5","1849250.44","13"
"29","6","470453.55","42"
"29","7","2410133.76","10"
"29","8","2957306.63","7"
"29","9","1626033.89","15"
"29","10","1344226.18","19"
"29","11","1177276.14","23"
"29","12","319930.61","48"
"29","13","2567280.08","9"
"29","14","1372960.91","18"
"29","16","1017490.91","27"
"29","17","1144079.11","25"
"29","18","396457.78","46"
"29","19","3211.01","67"
"29","20","561377.39","39"
"29","21","536977.90","41"
"29","22","916474.67","29"
"29","23","2820282.27","8"
"29","24","634973.13","35"
"29","25","922685.43","28"
"29","26","582275.65","37"
"29","27","201139.32","53"
"29","28","93203.82","60"
"29","29","654647.68","34"
"29","30","433705.06","44"
"29","31","282318.78","51"
"29","32","600068.59","36"
"29","33","580305.15","38"
"29","34","1577240.52","16"
"29","35","345108.52","47"
"29","36","160928.19","55"
"29","38","6075233.36","1"
"29","40","4095564.67","4"
"29","41","130121.17","57"
"29","42","538173.45","40"
"29","43","5.50","76"
"29","44","283721.60","50"
"29","45","223.28","71"
"29","46","1729696.47","14"
"29","47","191.74","72"
"29","48","44.91","73"
"29","49","2218.67","68"
"29","51","1146.32","69"
"29","52","137190.12","56"
"29","54","4640.51","65"
"29","55","829885.40","31"
"29","56","441857.68","43"
"29","58","115065.48","58"
"29","59","47071.32","61"
"29","60","30212.40","62"
"29","67","887644.54","30"
"29","71","407963.84","45"
"29","72","4890826.09","2"
"29","74","1205819.52","22"
"29","77","660.00","70"
"29","78","1.00","77"
"29","79","1175700.83","24"
"29","80","3930.47","66"
"29","81","756681.16","32"
"29","82","1331032.07","20"
"29","83","108529.36","59"
"29","85","257744.99","52"
"29","87","1300653.16","21"
"29","90","1565896.90","17"
"29","91","670843.49","33"
"29","92","3598840.14","6"
"29","93","170296.14","54"
"29","94","21835.89","63"
"29","95","4430196.57","3"
"29","96","35.40","74"
"29","97","304829.78","49"
"29","98","19275.56","64"
"29","99","29.88","75"
"30","1","1399737.86","16"
"30","2","1855348.42","12"
"30","3","105817.41","28"
"30","4","1889902.43","10"
"30","5","57995.93","30"
"30","6","3467.60","49"
"30","7","54307.39","31"
"30","8","1677961.11","13"
"30","9","10912.04","39"
"30","10","28044.72","35"
"30","11","119448.29","27"
"30","12","10299.39","41"
"30","13","1628210.60","14"
"30","14","139430.76","26"
"30","16","240478.59","23"
"30","17","18393.34","36"
"30","18","36473.93","34"
"30","19","2.38","63"
"30","20","3890.70","48"
"30","21","224925.55","24"
"30","22","1808.72","52"
"30","23","790.09","53"
"30","24","72.55","59"
"30","25","6096.67","46"
"30","26","263.43","54"
"30","27","201.28","55"
"30","28","12820.37","38"
"30","29","34.46","60"
"30","31","8587.79","44"
"30","32","4640.78","47"
"30","33","14.50","62"
"30","34","33.10","61"
"30","38","8761108.01","1"
"30","40","3350641.36","7"
"30","41","2040.50","51"
"30","42","9231.39","43"
"30","44","99.60","58"
"30","46","919483.42","18"
"30","49","131.71","57"
"30","52","2719.78","50"
"30","55","167.56","56"
"30","56","8578.05","45"
"30","59","13109.98","37"
"30","60","99563.80","29"
"30","67","207685.25","25"
"30","72","9497.87","42"
"30","74","39197.08","33"
"30","79","837595.89","19"
"30","80","946545.51","17"
"30","81","1625227.71","15"
"30","82","652727.31","20"
"30","83","257920.75","22"
"30","85","10898.93","40"
"30","87","45950.56","32"
"30","90","4951087.03","4"
"30","91","4515451.51","5"
"30","92","7615613.92","2"
"30","93","3204586.87","8"
"30","94","3506735.03","6"
"30","95","6500280.69","3"
"30","96","2740325.02","9"
"30","97","1883671.95","11"
"30","98","458605.96","21"
"30","99","-7.06","64"
"31","1","2482001.30","26"
"31","2","8367234.81","7"
"31","3","1518184.66","31"
"31","4","4983392.59","13"
"31","5","2676335.20","23"
"31","6","499042.75","52"
"31","7","3004778.71","19"
"31","8","3614750.67","18"
"31","9","1546618.89","30"
"31","10","2847356.57","21"
"31","11","1656465.69","29"
"31","12","400431.74","56"
"31","13","6100568.85","11"
"31","14","2509674.31","25"
"31","16","1195750.95","38"
"31","17","1150213.16","39"
"31","18","725015.10","47"
"31","19","5941.15","71"
"31","20","919552.45","43"
"31","21","662989.27","49"
"31","22","1234869.62","35"
"31","23","2969779.23","20"
"31","24","642264.04","50"
"31","25","1336500.65","33"
"31","26","1023679.02","41"
"31","27","173265.04","64"
"31","28","86551.59","66"
"31","29","625606.79","51"
"31","30","447292.96","54"
"31","31","330312.44","57"
"31","32","874982.69","44"
"31","33","704230.59","48"
"31","34","2042003.86","28"
"31","35","271824.63","59"
"31","36","208774.21","61"
"31","37","433668.71","55"
"31","38","11521871.56","4"
"31","40","8148464.08","9"
"31","41","190832.34","62"
"31","42","768119.12","46"
"31","44","327621.16","58"
"31","45","347.20","74"
"31","46","3667693.28","16"
"31","47","-303.92","76"
"31","49","1239923.35","34"
"31","51","939.30","73"
"31","52","103761.57","65"
"31","54","11028.91","70"
"31","55","1136285.61","40"
"31","56","249893.58","60"
"31","58","472725.93","53"
"31","59","75002.79","67"
"31","60","33385.60","68"
"31","67","948655.03","42"
"31","71","821273.44","45"
"31","72","6577951.59","10"
"31","74","2194234.29","27"
"31","77","1154.00","72"
"31","78","6.12","75"
"31","79","5176877.22","12"
"31","80","2719852.55","22"
"31","81","3618380.75","17"
"31","82","2583073.65","24"
"31","83","1217189.27","36"
"31","85","186642.77","63"
"31","87","1209878.42","37"
"31","90","12321919.01","3"
"31","91","10043195.10","5"
"31","92","18162446.96","1"
"31","93","8276297.41","8"
"31","94","9828696.28","6"
"31","95","15257530.75","2"
"31","96","4337947.08","15"
"31","97","4453731.87","14"
"31","98","1444569.80","32"
"31","99","12905.79","69"
"32","1","3267927.45","17"
"32","2","7196260.12","6"
"32","3","2212573.24","26"
"32","4","4023613.16","12"
"32","5","2967017.18","18"
"32","6","656334.02","48"
"32","7","3628630.29","14"
"32","8","3529432.99","15"
"32","9","2965774.91","19"
"32","10","3272877.82","16"
"32","11","2125695.56","28"
"32","12","456675.73","54"
"32","13","4293993.13","11"
"32","14","2229409.43","25"
"32","16","2114525.56","29"
"32","17","1631578.09","32"
"32","18","889828.76","40"
"32","19","234895.33","64"
"32","20","723274.94","45"
"32","21","722864.52","46"
"32","22","1286419.98","35"
"32","23","2660082.36","20"
"32","24","584786.62","50"
"32","25","1109529.30","37"
"32","26","837393.77","41"
"32","27","180448.20","66"
"32","28","94379.31","68"
"32","29","465306.11","53"
"32","30","338163.62","58"
"32","31","308405.89","61"
"32","32","743109.67","43"
"32","33","547726.44","51"
"32","34","1633459.97","31"
"32","35","306262.55","62"
"32","36","208932.07","65"
"32","37","422073.18","55"
"32","38","8739712.10","4"
"32","40","8333421.22","5"
"32","41","402949.60","56"
"32","42","940769.49","39"
"32","44","610154.13","49"
"32","45","1340.46","73"
"32","46","3793855.04","13"
"32","47","-84.00","77"
"32","48","39.16","75"
"32","49","666895.60","47"
"32","51","1913.86","72"
"32","52","359356.63","57"
"32","54","10696.87","71"
"32","55","1314916.96","34"
"32","56","790015.83","42"
"32","58","286921.01","63"
"32","59","93847.17","69"
"32","60","114414.20","67"
"32","67","1358942.98","33"
"32","71","724668.94","44"
"32","72","6342282.94","9"
"32","74","2107708.77","30"
"32","77","895.00","74"
"32","78","21.12","76"
"32","79","2211345.25","27"
"32","80","2395249.11","24"
"32","81","2448851.85","23"
"32","82","2603844.09","21"
"32","83","535225.80","52"
"32","85","325013.26","60"
"32","87","988030.93","38"
"32","90","8814468.11","3"
"32","91","6916732.13","8"
"32","92","14317578.85","1"
"32","93","4394708.45","10"
"32","94","6956955.86","7"
"32","95","12111418.49","2"
"32","96","330102.89","59"
"32","97","2453924.33","22"
"32","98","1135314.52","36"
"32","99","15165.89","70"
"33","1","340209.38","21"
"33","2","1068413.79","12"
"33","3","40604.87","30"
"33","4","873389.09","16"
"33","5","16007.42","35"
"33","6","311.91","53"
"33","7","56186.54","25"
"33","8","526210.28","18"
"33","9","4920.66","40"
"33","10","11483.07","37"
"33","11","24326.08","33"
"33","12","2758.07","43"
"33","13","991231.17","14"
"33","14","145698.06","23"
"33","16","46278.86","28"
"33","17","42475.46","29"
"33","18","25025.30","32"
"33","20","7289.99","38"
"33","21","28720.88","31"
"33","22","2425.22","45"
"33","23","112.20","55"
"33","24","575.22","51"
"33","25","3324.86","42"
"33","26","19296.40","34"
"33","27","1.00","62"
"33","31","1322.30","49"
"33","32","950.30","50"
"33","33","403.83","52"
"33","34","21.76","60"
"33","35","95.00","56"
"33","36","180.00","54"
"33","38","1936194.26","6"
"33","40","892776.73","15"
"33","41","2668.50","44"
"33","42","7247.79","39"
"33","44","71.51","57"
"33","46","279348.47","22"
"33","49","40.00","59"
"33","52","1497.43","48"
"33","55","3997.00","41"
"33","56","1604.24","47"
"33","59","2131.38","46"
"33","60","15339.00","36"
"33","67","92292.98","24"
"33","71","5.00","61"
"33","72","62.72","58"
"33","74","51952.16","26"
"33","79","1566208.66","7"
"33","80","1185911.43","11"
"33","81","1274654.25","10"
"33","82","448176.73","19"
"33","83","366927.00","20"
"33","87","47278.07","27"
"33","90","3560689.01","5"
"33","91","1410389.39","8"
"33","92","4894555.79","1"
"33","93","3667671.76","4"
"33","94","4147375.30","2"
"33","95","3864281.73","3"
"33","96","1340170.57","9"
"33","97","768735.04","17"
"33","98","1049718.98","13"
"33","99","0.11","63"
"34","1","2852502.95","15"
"34","2","4993020.30","9"
"34","3","1197964.83","32"
"34","4","2830185.79","16"
"34","5","3093647.78","14"
"34","6","488925.87","50"
"34","7","2581935.30","18"
"34","8","3884596.88","12"
"34","9","2463068.25","20"
"34","10","2424874.39","22"
"34","11","2242438.34","26"
"34","12","759650.22","41"
"34","13","3363136.90","13"
"34","14","1437105.45","31"
"34","16","2386274.60","23"
"34","17","964356.23","36"
"34","18","627827.39","45"
"34","19","2429.25","73"
"34","20","425829.12","53"
"34","21","635097.69","44"
"34","22","879853.50","38"
"34","23","1946465.31","28"
"34","24","433617.00","52"
"34","25","827971.31","40"
"34","26","640113.50","43"
"34","27","104548.76","66"
"34","28","39118.43","69"
"34","29","306926.70","57"
"34","30","272148.13","58"
"34","31","137242.36","63"
"34","32","716511.47","42"
"34","33","495358.41","49"
"34","34","1153241.22","33"
"34","35","242163.97","60"
"34","36","126371.45","65"
"34","37","317705.59","56"
"34","38","6981158.73","3"
"34","40","5499624.12","6"
"34","41","57863.96","68"
"34","42","602143.77","46"
"34","44","472368.13","51"
"34","45","798.67","76"
"34","46","2460134.56","21"
"34","47","-947.03","78"
"34","48","153719.27","62"
"34","49","567129.53","47"
"34","51","1849.83","74"
"34","52","177783.72","61"
"34","54","6533.71","72"
"34","55","1459867.97","30"
"34","56","560051.30","48"
"34","58","129666.99","64"
"34","59","71698.35","67"
"34","60","7251.50","71"
"34","65","6498163.99","4"
"34","67","962688.26","37"
"34","71","337582.61","55"
"34","72","5239027.09","8"
"34","74","1074852.09","35"
"34","77","954.00","75"
"34","78","3.00","77"
"34","79","2144697.17","27"
"34","80","1671372.91","29"
"34","81","2265202.88","24"
"34","82","2249489.90","25"
"34","83","405837.43","54"
"34","85","269244.76","59"
"34","87","867645.44","39"
"34","90","6340467.96","5"
"34","91","4864588.62","10"
"34","92","9692900.49","2"
"34","93","4231385.92","11"
"34","94","5352217.86","7"
"34","95","9902061.88","1"
"34","96","2739052.36","17"
"34","97","2512592.58","19"
"34","98","1111967.74","34"
"34","99","12844.34","70"
"35","1","2442818.65","20"
"35","2","6517719.24","2"
"35","3","2046098.74","25"
"35","4","2787875.25","16"
"35","5","3554756.02","13"
"35","6","1037667.65","41"
"35","7","4328265.34","9"
"35","8","2633545.44","17"
"35","9","2238955.71","22"
"35","10","2119037.45","23"
"35","11","2559331.33","18"
"35","12","303742.46","52"
"35","13","4791143.23","8"
"35","14","4110003.28","10"
"35","16","1064192.61","39"
"35","17","2453002.91","19"
"35","18","829006.56","43"
"35","19","-97.88","73"
"35","20","1701243.63","29"
"35","21","546825.12","46"
"35","22","3080499.27","15"
"35","23","5728939.98","4"
"35","24","1585944.44","32"
"35","25","2110695.68","24"
"35","26","1863836.29","26"
"35","27","231382.03","56"
"35","28","105941.92","61"
"35","29","1253895.59","35"
"35","30","867095.49","42"
"35","31","662083.82","45"
"35","32","1125755.67","38"
"35","33","1540196.37","34"
"35","34","3701047.81","11"
"35","35","469421.96","49"
"35","36","540610.97","47"
"35","38","5118040.15","6"
"35","40","5161217.23","5"
"35","41","296690.36","53"
"35","42","1154412.63","36"
"35","44","258709.42","55"
"35","45","17.46","72"
"35","46","2328906.59","21"
"35","47","-3567.18","74"
"35","49","29.50","71"
"35","51","1940.66","67"
"35","52","231113.75","57"
"35","54","27016.33","62"
"35","55","1669560.03","31"
"35","56","113439.53","59"
"35","58","384182.50","50"
"35","59","112985.88","60"
"35","60","13358.60","64"
"35","67","773924.40","44"
"35","71","1808688.53","28"
"35","72","12631448.67","1"
"35","74","3131917.43","14"
"35","77","495.48","68"
"35","78","63.00","70"
"35","79","3615391.99","12"
"35","80","6834.93","66"
"35","81","1061600.18","40"
"35","82","1577688.66","33"
"35","83","357099.15","51"
"35","85","287796.98","54"
"35","87","1681712.66","30"
"35","90","1853344.38","27"
"35","91","1132428.46","37"
"35","92","4829972.58","7"
"35","93","218568.56","58"
"35","94","18424.88","63"
"35","95","6189974.79","3"
"35","96","129.46","69"
"35","97","534575.83","48"
"35","98","8057.61","65"
"36","1","320209.52","22"
"36","2","1918491.67","10"
"36","3","54529.37","29"
"36","4","1411911.23","15"
"36","5","35567.20","31"
"36","6","499.54","49"
"36","7","59263.25","28"
"36","8","488722.58","20"
"36","9","9403.48","40"
"36","10","25032.48","35"
"36","11","39997.82","30"
"36","12","4579.24","43"
"36","13","1741224.53","12"
"36","14","257330.07","23"
"36","16","89298.89","25"
"36","17","68107.44","27"
"36","18","24258.04","36"
"36","20","9047.45","41"
"36","21","34409.94","32"
"36","22","744.24","47"
"36","23","197.02","51"
"36","24","73.03","54"
"36","25","2210.11","45"
"36","26","25826.16","34"
"36","29","4.00","58"
"36","31","3186.42","44"
"36","32","241.50","50"
"36","33","-9.47","60"
"36","34","42.12","56"
"36","36","-30.00","62"
"36","38","2598289.34","7"
"36","40","1507444.49","14"
"36","41","667.00","48"
"36","42","12036.01","39"
"36","44","69.18","55"
"36","46","352397.92","21"
"36","49","10.00","57"
"36","52","184.82","52"
"36","55","16249.20","38"
"36","56","5274.30","42"
"36","59","2158.10","46"
"36","60","23211.40","37"
"36","67","96659.95","24"
"36","71","-29.00","61"
"36","72","-304.11","63"
"36","74","86157.54","26"
"36","79","2502283.94","8"
"36","80","2940309.08","6"
"36","81","1754141.82","11"
"36","82","692978.26","18"
"36","83","489783.34","19"
"36","85","118.84","53"
"36","87","33350.03","33"
"36","90","5072809.45","4"
"36","91","1586996.25","13"
"36","92","6369157.72","2"
"36","93","3732774.14","5"
"36","94","6774217.61","1"
"36","95","5682203.49","3"
"36","96","2242717.88","9"
"36","97","925106.13","17"
"36","98","1288421.96","16"
"36","99","0.02","59"
"37","1","1576465.73","15"
"37","2","2361136.81","12"
"37","3","185594.27","28"
"37","4","2518803.95","10"
"37","5","162681.26","29"
"37","6","6252.34","47"
"37","7","117971.91","31"
"37","8","2309649.90","13"
"37","9","21475.20","40"
"37","10","55433.19","34"
"37","11","249847.19","26"
"37","12","26032.90","39"
"37","13","2392974.60","11"
"37","14","202519.53","27"
"37","16","316835.44","24"
"37","17","46366.88","36"
"37","18","48743.30","35"
"37","20","4573.85","49"
"37","21","273934.44","25"
"37","22","2640.11","52"
"37","23","3740.24","50"
"37","24","114.16","56"
"37","25","9630.32","46"
"37","26","188.49","55"
"37","27","1931.31","53"
"37","28","20007.91","42"
"37","31","17554.50","44"
"37","32","3409.01","51"
"37","33","43.97","61"
"37","38","9922606.19","1"
"37","40","3879000.81","7"
"37","41","17.00","62"
"37","42","16333.51","45"
"37","44","75.52","58"
"37","46","1218382.48","18"
"37","49","831.14","54"
"37","52","4611.25","48"
"37","55","112.84","57"
"37","56","40909.82","37"
"37","59","20363.41","41"
"37","60","108091.80","32"
"37","67","343604.26","22"
"37","71","53.00","59"
"37","72","30523.81","38"
"37","74","97421.23","33"
"37","79","1092877.60","19"
"37","80","1520057.18","17"
"37","81","1529927.93","16"
"37","82","796429.68","20"
"37","83","333134.78","23"
"37","85","18290.41","43"
"37","87","145869.61","30"
"37","90","6312653.22","4"
"37","91","4414506.82","6"
"37","92","8500002.53","2"
"37","93","3088778.70","8"
"37","94","4812900.68","5"
"37","95","7351708.81","3"
"37","96","2913679.45","9"
"37","97","1996380.30","14"
"37","98","756006.84","21"
"37","99","45.00","60"
"38","1","990066.01","18"
"38","2","1571022.69","11"
"38","3","71314.13","29"
"38","4","1525738.69","12"
"38","5","56830.82","32"
"38","6","5108.05","47"
"38","7","59136.08","31"
"38","8","1356412.12","16"
"38","9","11085.41","41"
"38","10","52247.18","35"
"38","11","107662.08","27"
"38","12","9092.47","43"
"38","13","1434842.66","14"
"38","14","142585.08","24"
"38","16","121532.83","25"
"38","17","60712.02","30"
"38","18","32687.06","36"
"38","20","4676.47","48"
"38","21","150727.60","23"
"38","22","1948.65","52"
"38","23","4011.96","49"
"38","24","272.92","57"
"38","25","7526.19","45"
"38","26","401.45","54"
"38","27","783.12","53"
"38","28","13081.21","39"
"38","29","176.87","60"
"38","31","3743.73","50"
"38","32","5528.44","46"
"38","33","209.56","58"
"38","34","177.42","59"
"38","35","7.00","63"
"38","38","7858677.16","1"
"38","40","2355694.49","8"
"38","42","14273.55","38"
"38","44","331.93","55"
"38","46","707698.33","20"
"38","49","303.54","56"
"38","52","3060.14","51"
"38","55","75.30","61"
"38","56","7710.21","44"
"38","59","9415.84","42"
"38","60","56615.40","33"
"38","67","113244.96","26"
"38","72","24450.46","37"
"38","74","56208.48","34"
"38","79","1234227.59","17"
"38","80","1595728.62","10"
"38","81","1467298.79","13"
"38","82","793816.63","19"
"38","83","342062.02","22"
"38","85","11222.59","40"
"38","87","83261.86","28"
"38","90","4971477.48","4"
"38","91","3632895.04","5"
"38","92","6479964.18","2"
"38","93","2698255.43","7"
"38","94","3050391.81","6"
"38","95","5976491.81","3"
"38","96","1713379.76","9"
"38","97","1416038.65","15"
"38","98","683981.40","21"
"38","99","25.00","62"
"39","1","3135278.03","23"
"39","2","9629395.40","4"
"39","3","2941467.33","25"
"39","4","6407474.66","10"
"39","5","3438211.46","19"
"39","6","702350.28","51"
"39","7","5722930.48","12"
"39","8","5166681.75","15"
"39","9","2773644.83","27"
"39","10","2133470.47","31"
"39","11","2921241.51","26"
"39","12","660825.86","52"
"39","13","7863773.55","8"
"39","14","3020986.30","24"
"39","16","3816922.99","18"
"39","17","1673034.07","34"
"39","18","1552666.29","37"
"39","19","-106.86","75"
"39","20","1126068.04","40"
"39","21","1026321.68","43"
"39","22","1860939.10","32"
"39","23","2652757.61","29"
"39","24","925323.74","46"
"39","25","1035770.88","42"
"39","26","1345161.93","39"
"39","27","203683.64","63"
"39","28","88983.30","66"
"39","29","812025.23","50"
"39","30","543355.42","54"
"39","31","334201.63","58"
"39","32","854599.89","48"
"39","33","990088.45","44"
"39","34","2338685.96","30"
"39","35","294191.62","59"
"39","36","290603.97","60"
"39","38","6176967.70","11"
"39","40","8457872.63","7"
"39","41","188974.38","64"
"39","42","511437.28","56"
"39","44","634178.14","53"
"39","45","1253.83","70"
"39","46","4879472.06","16"
"39","47","23.60","74"
"39","49","1090148.78","41"
"39","51","1149.92","71"
"39","52","271851.86","61"
"39","54","12684.34","69"
"39","55","1658542.40","36"
"39","56","540763.68","55"
"39","58","354633.03","57"
"39","59","103296.35","65"
"39","60","33221.50","67"
"39","67","1663577.14","35"
"39","71","925194.74","47"
"39","72","7854858.23","9"
"39","74","3148042.79","22"
"39","77","679.82","72"
"39","78","24.00","73"
"39","79","5638541.36","14"
"39","80","1712121.42","33"
"39","81","2752070.70","28"
"39","82","3208429.90","21"
"39","83","820653.05","49"
"39","85","244550.31","62"
"39","87","967028.49","45"
"39","90","11246883.46","3"
"39","91","8635238.90","5"
"39","92","15748047.97","1"
"39","93","5674884.93","13"
"39","94","8555717.21","6"
"39","95","14734256.27","2"
"39","96","3873749.68","17"
"39","97","3431057.18","20"
"39","98","1396723.29","38"
"39","99","13729.66","68"
"40","1","2687624.77","19"
"40","2","3818486.84","11"
"40","3","927931.34","39"
"40","4","3487305.33","12"
"40","5","2529623.05","20"
"40","6","572438.81","45"
"40","7","2702444.65","18"
"40","8","4857929.11","8"
"40","9","2726357.39","17"
"40","10","2804605.99","16"
"40","11","1831421.69","28"
"40","12","629705.45","43"
"40","13","3081701.04","13"
"40","14","1765831.41","29"
"40","16","1905099.20","26"
"40","17","1094281.87","34"
"40","18","532105.91","47"
"40","19","-15.00","76"
"40","20","504264.04","48"
"40","21","941766.96","38"
"40","22","923015.18","40"
"40","23","2011247.59","24"
"40","24","422496.62","53"
"40","25","958730.68","37"
"40","26","617538.54","44"
"40","27","143951.39","61"
"40","28","46365.54","65"
"40","29","467695.35","50"
"40","30","376917.92","54"
"40","31","188656.62","60"
"40","32","648148.00","42"
"40","33","444261.55","52"
"40","34","1085415.69","35"
"40","35","294612.32","57"
"40","36","118487.86","63"
"40","37","279988.93","59"
"40","38","5180786.44","7"
"40","40","4772045.18","9"
"40","41","40169.82","66"
"40","42","658819.99","41"
"40","44","464463.89","51"
"40","45","1021.53","74"
"40","46","1345973.80","31"
"40","47","-241.56","77"
"40","48","95553.84","64"
"40","49","3121.31","71"
"40","51","1128.49","73"
"40","52","134811.53","62"
"40","54","12804.30","69"
"40","55","1287037.00","32"
"40","56","541548.26","46"
"40","58","332495.00","56"
"40","59","39189.50","67"
"40","60","17529.71","68"
"40","67","1003060.63","36"
"40","71","333326.64","55"
"40","72","5640357.95","5"
"40","74","1404584.35","30"
"40","77","1452.00","72"
"40","78","15.00","75"
"40","79","1877326.33","27"
"40","80","2353953.43","22"
"40","81","2844821.78","15"
"40","82","1942106.17","25"
"40","83","481943.25","49"
"40","85","283317.29","58"
"40","87","2870028.44","14"
"40","90","8759923.01","3"
"40","91","6185630.43","4"
"40","92","13796032.72","1"
"40","93","3937183.42","10"
"40","94","5464158.80","6"
"40","95","9519922.02","2"
"40","96","2189198.15","23"
"40","97","2449737.79","21"
"40","98","1169507.06","33"
"40","99","6025.47","70"
"41","1","3318352.17","18"
"41","2","6914025.54","7"
"41","3","2434122.17","28"
"41","4","4367016.21","15"
"41","5","3648493.96","17"
"41","6","753299.99","47"
"41","7","4820688.12","12"
"41","8","4823258.68","11"
"41","9","4682316.23","13"
"41","10","2172773.99","29"
"41","11","1945612.02","30"
"41","12","611076.89","53"
"41","13","4656508.40","14"
"41","14","2454164.22","27"
"41","16","2658100.27","25"
"41","17","1723755.80","32"
"41","18","993325.66","40"
"41","19","94243.93","67"
"41","20","793123.60","44"
"41","21","724524.32","51"
"41","22","1477453.31","33"
"41","23","2705604.53","22"
"41","24","739599.91","49"
"41","25","1054526.23","39"
"41","26","927919.63","41"
"41","27","196374.03","64"
"41","28","66247.80","68"
"41","29","600236.93","54"
"41","30","398972.26","57"
"41","31","295517.36","60"
"41","32","766756.12","45"
"41","33","820194.77","43"
"41","34","1850939.46","31"
"41","35","318189.76","59"
"41","36","231319.53","63"
"41","37","6.00","77"
"41","38","6636119.00","9"
"41","40","7787525.39","5"
"41","41","277249.57","62"
"41","42","728102.37","50"
"41","44","660010.14","52"
"41","45","2118.15","72"
"41","46","4034475.85","16"
"41","47","479.86","75"
"41","48","112480.10","66"
"41","49","841967.82","42"
"41","51","1230.10","74"
"41","52","280906.61","61"
"41","54","9218.28","71"
"41","55","1437510.47","34"
"41","56","1093073.92","38"
"41","58","750647.45","48"
"41","59","113736.11","65"
"41","60","65111.80","69"
"41","67","1395204.86","36"
"41","71","758022.13","46"
"41","72","7847454.25","4"
"41","74","2665268.02","24"
"41","77","1389.00","73"
"41","78","36.00","76"
"41","79","3123260.07","19"
"41","80","2493387.30","26"
"41","81","2854000.79","20"
"41","82","2686809.31","23"
"41","83","554721.13","55"
"41","85","324912.22","58"
"41","87","1436081.47","35"
"41","90","10131839.12","3"
"41","91","7538234.77","6"
"41","92","16563355.96","1"
"41","93","5064393.62","10"
"41","94","6752249.67","8"
"41","95","12679304.98","2"
"41","96","412339.39","56"
"41","97","2829858.35","21"
"41","98","1340129.02","37"
"41","99","19080.67","70"
"42","1","1483646.22","18"
"42","2","2284697.05","11"
"42","3","116466.52","30"
"42","4","2128592.86","16"
"42","5","150478.44","27"
"42","6","10.00","57"
"42","7","103233.68","31"
"42","8","2608117.54","9"
"42","9","19379.94","38"
"42","10","57857.23","33"
"42","11","134396.84","29"
"42","12","12550.72","40"
"42","13","2154918.47","15"
"42","14","214644.91","23"
"42","16","157682.07","26"
"42","17","74193.02","32"
"42","18","40505.63","35"
"42","20","3740.49","49"
"42","21","180588.16","24"
"42","22","2239.85","51"
"42","23","3785.61","48"
"42","24","43.82","54"
"42","25","10865.24","42"
"42","26","8.72","58"
"42","27","2566.01","50"
"42","28","8238.01","44"
"42","31","7174.30","45"
"42","32","5748.80","46"
"42","33","38.00","55"
"42","34","11.97","56"
"42","38","5553268.21","5"
"42","40","2829736.70","8"
"42","41","-16.00","59"
"42","42","24707.15","37"
"42","44","59.33","53"
"42","46","865155.20","21"
"42","49","1269.65","52"
"42","52","4736.98","47"
"42","55","-43.96","60"
"42","56","12043.53","41"
"42","59","12725.03","39"
"42","60","47967.00","34"
"42","67","176798.86","25"
"42","71","-467.56","61"
"42","72","-1209.93","62"
"42","74","36851.25","36"
"42","79","1957131.12","17"
"42","80","2188998.00","13"
"42","81","2276369.31","12"
"42","82","1059567.00","19"
"42","83","530385.81","22"
"42","85","8783.01","43"
"42","87","136429.96","28"
"42","90","7634040.40","3"
"42","91","6136590.64","4"
"42","92","11940182.35","1"
"42","93","4697926.42","7"
"42","94","5108619.53","6"
"42","95","8752353.94","2"
"42","96","2171236.81","14"
"42","97","2501813.43","10"
"42","98","935323.14","20"
"43","1","1079522.59","20"
"43","2","2963367.76","9"
"43","3","142949.79","27"
"43","4","2606515.65","12"
"43","5","49485.89","35"
"43","6","4314.13","47"
"43","7","73898.52","31"
"43","8","1885485.27","17"
"43","9","21120.27","37"
"43","10","72562.02","32"
"43","11","83630.92","30"
"43","12","12746.46","40"
"43","13","2552966.87","14"
"43","14","237955.28","24"
"43","16","379636.78","23"
"43","17","89194.50","29"
"43","18","67646.45","33"
"43","20","4058.52","48"
"43","21","223582.36","25"
"43","22","2393.98","50"
"43","23","593.69","52"
"43","24","4.47","60"
"43","25","10270.58","43"
"43","26","66.95","57"
"43","27","161.76","54"
"43","28","10277.24","42"
"43","31","2813.90","49"
"43","32","1187.65","51"
"43","33","20.00","59"
"43","38","8240215.54","4"
"43","40","2596384.60","13"
"43","42","26332.49","36"
"43","44","100.98","56"
"43","46","1062009.00","21"
"43","49","346.75","53"
"43","52","5711.44","45"
"43","55","-11.88","61"
"43","56","16038.61","38"
"43","59","13153.51","39"
"43","60","60150.80","34"
"43","67","177076.00","26"
"43","71","20.76","58"
"43","72","11729.47","41"
"43","74","93076.71","28"
"43","79","1934135.95","16"
"43","80","2437474.58","15"
"43","81","2783455.39","10"
"43","82","1181771.53","19"
"43","83","708172.06","22"
"43","85","5009.75","46"
"43","87","9928.03","44"
"43","90","9104652.07","3"
"43","91","4977607.23","7"
"43","92","11961401.01","1"
"43","93","5176127.13","6"
"43","94","7260068.29","5"
"43","95","10422300.93","2"
"43","96","3583346.82","8"
"43","97","2767048.56","11"
"43","98","1372066.05","18"
"43","99","105.00","55"
"44","1","1151148.90","10"
"44","2","1340950.04","9"
"44","3","81655.39","29"
"44","4","1058766.22","12"
"44","5","137375.88","23"
"44","6","4608.28","46"
"44","7","75937.99","30"
"44","8","709847.17","17"
"44","9","14273.87","40"
"44","10","21992.35","37"
"44","11","87014.74","28"
"44","12","11030.88","42"
"44","13","1043937.53","13"
"44","14","104434.54","27"
"44","16","121040.01","25"
"44","17","47245.49","34"
"44","18","39153.41","35"
"44","20","2209.18","50"
"44","21","110136.21","26"
"44","22","694.74","54"
"44","23","1873.87","51"
"44","24","324.24","55"
"44","25","4889.44","45"
"44","26","3857.06","48"
"44","27","803.55","53"
"44","28","10387.93","43"
"44","31","1004.04","52"
"44","32","4431.83","47"
"44","33","189.63","56"
"44","34","-9.88","61"
"44","38","6546336.18","1"
"44","40","2166016.44","7"
"44","42","7077.04","44"
"44","44","47.43","59"
"44","46","839588.49","15"
"44","49","65.00","57"
"44","52","3674.88","49"
"44","55","62.62","58"
"44","56","64800.64","31"
"44","59","11624.47","41"
"44","60","53018.80","33"
"44","67","159836.47","22"
"44","71","-123.85","62"
"44","72","14688.99","39"
"44","74","61630.67","32"
"44","79","643027.14","18"
"44","80","718367.78","16"
"44","81","1068635.56","11"
"44","82","555260.80","19"
"44","83","136137.81","24"
"44","85","18274.83","38"
"44","87","31205.59","36"
"44","90","4459112.06","3"
"44","91","2598239.94","6"
"44","92","5665597.55","2"
"44","93","1577277.95","8"
"44","94","3405122.72","5"
"44","95","4447326.48","4"
"44","96","405281.96","21"
"44","97","949014.84","14"
"44","98","495649.02","20"
"44","99","7.01","60"
"45","1","2537665.99","13"
"45","2","5119530.48","6"
"45","3","1359646.14","28"
"45","4","3464871.86","9"
"45","5","2303310.02","16"
"45","6","508253.84","47"
"45","7","3397361.33","10"
"45","8","4869208.57","7"
"45","9","2214481.67","17"
"45","10","2037047.44","21"
"45","11","2034658.15","22"
"45","12","517700.70","46"
"45","13","3895821.16","8"
"45","14","1784121.14","25"
"45","16","2373877.29","15"
"45","17","1504807.36","27"
"45","18","779844.07","37"
"45","19","195920.39","59"
"45","20","730596.02","39"
"45","21","580767.27","44"
"45","22","1190340.69","30"
"45","23","3277086.81","12"
"45","24","781310.94","36"
"45","25","1202582.71","29"
"45","26","1038013.58","31"
"45","27","189932.14","60"
"45","28","92498.33","62"
"45","29","679690.25","41"
"45","30","432101.62","49"
"45","31","379622.73","52"
"45","32","695491.20","40"
"45","33","740914.00","38"
"45","34","2034130.28","23"
"45","35","378561.59","53"
"45","36","247749.35","56"
"45","38","7613685.44","1"
"45","40","5606437.78","4"
"45","41","382013.09","51"
"45","42","635964.81","42"
"45","44","371273.68","54"
"45","45","377.34","70"
"45","46","2093312.32","20"
"45","47","-1061.04","74"
"45","49","2905.87","68"
"45","51","104.52","71"
"45","52","209675.92","58"
"45","54","5784.62","67"
"45","55","870254.51","35"
"45","56","519397.43","45"
"45","58","241179.85","57"
"45","59","85912.45","63"
"45","60","25313.20","66"
"45","67","972546.81","32"
"45","71","628686.82","43"
"45","72","5357682.10","5"
"45","74","1531547.32","26"
"45","77","1525.96","69"
"45","78","88.00","72"
"45","79","2180038.31","18"
"45","80","72622.47","65"
"45","81","2095392.73","19"
"45","82","1920560.27","24"
"45","83","117915.34","61"
"45","85","286197.78","55"
"45","87","901911.85","34"
"45","90","3385387.04","11"
"45","91","2379795.61","14"
"45","92","6882003.38","3"
"45","93","390193.68","50"
"45","94","494496.46","48"
"45","95","7564151.83","2"
"45","96","5.94","73"
"45","97","924775.55","33"
"45","98","75767.27","64"
