"1","2010-02","22992.581944"
"1","2010-03","19216.391056"
"1","2010-04","25641.208756"
"1","2010-05","14516.160556"
"1","2010-06","14503.691333"
"1","2010-07","14356.900489"
"1","2010-08","13806.804500"
"1","2010-09","15240.821278"
"1","2010-10","24565.205600"
"1","2010-11","18865.494611"
"1","2010-12","30538.837289"
"1","2011-01","13180.802111"
"1","2011-02","22697.895500"
"1","2011-03","15813.588500"
"1","2011-04","29490.625644"
"1","2011-05","13611.414444"
"1","2011-06","13674.911389"
"1","2011-07","14106.214178"
"1","2011-08","13955.821611"
"1","2011-09","15598.044356"
"1","2011-10","24241.375000"
"1","2011-11","21115.896722"
"1","2011-12","31724.260044"
"1","2012-01","14149.924278"
"1","2012-02","24628.019056"
"1","2012-03","20019.387200"
"1","2012-04","28977.717444"
"1","2012-05","14376.515333"
"1","2012-06","14449.170356"
"1","2012-07","14557.032444"
"1","2012-08","14399.673422"
"1","2012-09","16233.806056"
"1","2012-10","22913.517556"
"2","2010-02","42545.928722"
"2","2010-03","41891.955944"
"2","2010-04","42931.825200"
"2","2010-05","43088.021611"
"2","2010-06","44588.799333"
"2","2010-07","45567.323689"
"2","2010-08","47103.915611"
"2","2010-09","43775.587944"
"2","2010-10","41372.302222"
"2","2010-11","40818.560500"
"2","2010-12","45091.370400"
"2","2011-01","38657.883000"
"2","2011-02","42655.191056"
"2","2011-03","42932.238944"
"2","2011-04","42140.761200"
"2","2011-05","42104.226056"
"2","2011-06","43751.940778"
"2","2011-07","44653.548444"
"2","2011-08","46490.796556"
"2","2011-09","43063.387200"
"2","2011-10","42081.946944"
"2","2011-11","42326.242056"
"2","2011-12","48476.398267"
"2","2012-01","41036.124278"
"2","2012-02","44759.962000"
"2","2012-03","44022.806933"
"2","2012-04","43488.476944"
"2","2012-05","43452.707889"
"2","2012-06","45038.152356"
"2","2012-07","44990.418833"
"2","2012-08","46636.410978"
"2","2012-09","42975.041833"
"2","2012-10","42192.143611"
"3","2010-02","9662.051556"
"3","2010-03","8683.494611"
"3","2010-04","8186.000844"
"3","2010-05","7599.961389"
"3","2010-06","7203.849667"
"3","2010-07","13460.449156"
"3","2010-08","31817.400611"
"3","2010-09","15404.851778"
"3","2010-10","7955.201200"
"3","2010-11","8338.065778"
"3","2010-12","10946.773289"
"3","2011-01","11043.214278"
"3","2011-02","9027.450833"
"3","2011-03","8025.309722"
"3","2011-04","7951.207067"
"3","2011-05","7585.178000"
"3","2011-06","7024.818556"
"3","2011-07","12478.545867"
"3","2011-08","33002.432667"
"3","2011-09","14921.808000"
"3","2011-10","7994.933778"
"3","2011-11","8031.835667"
"3","2011-12","11341.261244"
"3","2012-01","11256.679944"
"3","2012-02","9703.631056"
"3","2012-03","8203.890756"
"3","2012-04","7694.655167"
"3","2012-05","7566.495333"
"3","2012-06","7205.453378"
"3","2012-07","14598.782389"
"3","2012-08","32771.071156"
"3","2012-09","13173.634778"
"3","2012-10","7908.916944"
"4","2010-02","24836.108444"
"4","2010-03","24189.081167"
"4","2010-04","24984.977422"
"4","2010-05","25196.129000"
"4","2010-06","25878.299722"
"4","2010-07","26967.203333"
"4","2010-08","27317.466611"
"4","2010-09","26283.596611"
"4","2010-10","24385.713333"
"4","2010-11","26383.846056"
"4","2010-12","26604.650711"
"4","2011-01","24916.736778"
"4","2011-02","25141.544833"
"4","2011-03","24595.174944"
"4","2011-04","24360.146667"
"4","2011-05","25187.875611"
"4","2011-06","26091.746667"
"4","2011-07","26470.098889"
"4","2011-08","28007.947611"
"4","2011-09","25886.864222"
"4","2011-10","25472.318167"
"4","2011-11","27347.400889"
"4","2011-12","27056.985422"
"4","2012-01","25821.818722"
"4","2012-02","25999.345389"
"4","2012-03","25317.939778"
"4","2012-04","26098.836833"
"4","2012-05","26144.511778"
"4","2012-06","27071.466267"
"4","2012-07","27372.924778"
"4","2012-08","27835.724400"
"4","2012-09","25931.129944"
"4","2012-10","25701.977389"
"5","2010-02","24179.264400"
"5","2010-03","27200.589070"
"5","2010-04","23940.277953"
"5","2010-05","16461.850057"
"5","2010-06","18907.190678"
"5","2010-07","17228.541096"
"5","2010-08","16122.576474"
"5","2010-09","15730.819017"
"5","2010-10","18606.304083"
"5","2010-11","36478.088523"
"5","2010-12","52989.444751"
"5","2011-01","17812.481136"
"5","2011-02","23771.882273"
"5","2011-03","20551.979148"
"5","2011-04","20739.571076"
"5","2011-05","14813.446136"
"5","2011-06","16906.770739"
"5","2011-07","14853.460444"
"5","2011-08","15318.406722"
"5","2011-09","16218.302634"
"5","2011-10","21895.882611"
"5","2011-11","37139.429278"
"5","2011-12","39382.753467"
"5","2012-01","15998.472056"
"5","2012-02","24478.056556"
"5","2012-03","20304.662711"
"5","2012-04","16861.243944"
"5","2012-05","14014.043889"
"5","2012-06","16570.476978"
"5","2012-07","13615.789889"
"5","2012-08","15241.752178"
"5","2012-09","16832.462278"
"5","2012-10","19011.587111"
"6","2010-02","5535.845655"
"6","2010-03","4922.602381"
"6","2010-04","5010.487238"
"6","2010-05","6337.677024"
"6","2010-06","6075.637917"
"6","2010-07","5823.161810"
"6","2010-08","5155.999345"
"6","2010-09","4174.009249"
"6","2010-10","4048.622909"
"6","2010-11","8546.478629"
"6","2010-12","10540.919816"
"6","2011-01","2877.936606"
"6","2011-02","3981.462367"
"6","2011-03","3932.167169"
"6","2011-04","4093.317606"
"6","2011-05","4965.633631"
"6","2011-06","4851.247964"
"6","2011-07","4469.291095"
"6","2011-08","3818.121488"
"6","2011-09","3443.358863"
"6","2011-10","3735.340904"
"6","2011-11","7303.666566"
"6","2011-12","7870.447874"
"6","2012-01","2420.080854"
"6","2012-02","3593.345741"
"6","2012-03","3150.380098"
"6","2012-04","3292.970366"
"6","2012-05","4099.839136"
"6","2012-06","3804.432115"
"6","2012-07","3776.040181"
"6","2012-08","3157.758937"
"6","2012-09","3311.850122"
"6","2012-10","3142.234847"
"7","2010-02","17274.653778"
"7","2010-03","19185.506722"
"7","2010-04","22521.649289"
"7","2010-05","21603.450778"
"7","2010-06","27338.460889"
"7","2010-07","22664.237600"
"7","2010-08","18684.073111"
"7","2010-09","16999.696944"
"7","2010-10","16177.620222"
"7","2010-11","34997.922833"
"7","2010-12","73431.877378"
"7","2011-01","11733.670556"
"7","2011-02","16275.673889"
"7","2011-03","17748.920889"
"7","2011-04","21883.091956"
"7","2011-05","20368.141389"
"7","2011-06","26958.410167"
"7","2011-07","22739.617289"
"7","2011-08","17006.037278"
"7","2011-09","16028.284311"
"7","2011-10","19654.420167"
"7","2011-11","38818.257778"
"7","2011-12","67626.816311"
"7","2012-01","11428.596167"
"7","2012-02","16290.029556"
"7","2012-03","18600.808889"
"7","2012-04","22822.882167"
"7","2012-05","21075.349722"
"7","2012-06","26604.514578"
"7","2012-07","21582.916667"
"7","2012-08","17486.886844"
"7","2012-09","18754.202222"
"7","2012-10","19956.208000"
"8","2010-02","31581.482444"
"8","2010-03","30549.318333"
"8","2010-04","30231.350533"
"8","2010-05","29911.325500"
"8","2010-06","29661.676944"
"8","2010-07","29528.573333"
"8","2010-08","28980.148000"
"8","2010-09","29367.708889"
"8","2010-10","29855.755333"
"8","2010-11","30562.348556"
"8","2010-12","32419.172800"
"8","2011-01","28919.943111"
"8","2011-02","30430.637722"
"8","2011-03","29552.999167"
"8","2011-04","29102.148000"
"8","2011-05","29753.866111"
"8","2011-06","29992.489444"
"8","2011-07","29393.969156"
"8","2011-08","29496.482500"
"8","2011-09","29317.901022"
"8","2011-10","30124.093500"
"8","2011-11","30466.327500"
"8","2011-12","32469.104844"
"8","2012-01","28819.504556"
"8","2012-02","30990.495889"
"8","2012-03","30523.519200"
"8","2012-04","30422.406611"
"8","2012-05","30522.352556"
"8","2012-06","30419.235067"
"8","2012-07","30188.145556"
"8","2012-08","30413.538711"
"8","2012-09","30339.703056"
"8","2012-10","31611.379778"
"9","2010-02","12991.069133"
"9","2010-03","16503.551379"
"9","2010-04","20669.121545"
"9","2010-05","21443.430222"
"9","2010-06","26692.569111"
"9","2010-07","25283.105333"
"9","2010-08","21558.460389"
"9","2010-09","22452.599663"
"9","2010-10","18250.493333"
"9","2010-11","18296.285814"
"9","2010-12","19020.362884"
"9","2011-01","10708.364023"
"9","2011-02","12602.411092"
"9","2011-03","16151.298418"
"9","2011-04","19414.759455"
"9","2011-05","20320.874556"
"9","2011-06","25788.474667"
"9","2011-07","25985.413911"
"9","2011-08","21910.552889"
"9","2011-09","21615.429822"
"9","2011-10","18111.629556"
"9","2011-11","19122.504438"
"9","2011-12","19438.563136"
"9","2012-01","11460.137401"
"9","2012-02","13830.794540"
"9","2012-03","18309.008884"
"9","2012-04","22887.371944"
"9","2012-05","23096.627389"
"9","2012-06","26867.711778"
"9","2012-07","25380.090833"
"9","2012-08","22886.244178"
"9","2012-09","22192.119722"
"9","2012-10","20068.223222"
"10","2010-02","17181.565444"
"10","2010-03","17294.708056"
"10","2010-04","17614.716622"
"10","2010-05","17689.618278"
"10","2010-06","19171.324944"
"10","2010-07","19244.762756"
"10","2010-08","18552.287222"
"10","2010-09","17705.956389"
"10","2010-10","17398.336667"
"10","2010-11","18094.949500"
"10","2010-12","19475.314222"
"10","2011-01","15645.550111"
"10","2011-02","17727.794444"
"10","2011-03","17061.801500"
"10","2011-04","16950.762800"
"10","2011-05","17673.015167"
"10","2011-06","19616.957056"
"10","2011-07","19830.546489"
"10","2011-08","19186.143611"
"10","2011-09","18288.679822"
"10","2011-10","19008.173778"
"10","2011-11","19408.798000"
"10","2011-12","19303.365156"
"10","2012-01","15575.184278"
"10","2012-02","17401.189333"
"10","2012-03","18631.780844"
"10","2012-04","18291.783111"
"10","2012-05","18829.298000"
"10","2012-06","20070.375422"
"10","2012-07","20120.110889"
"10","2012-08","19015.793511"
"10","2012-09","17906.890111"
"10","2012-10","18561.844444"
"11","2010-02","13351.573017"
"11","2010-03","11762.221500"
"11","2010-04","12371.245200"
"11","2010-05","16062.977667"
"11","2010-06","19159.222167"
"11","2010-07","19746.067422"
"11","2010-08","14267.315111"
"11","2010-09","11881.486556"
"11","2010-10","11954.392178"
"11","2010-11","15548.802167"
"11","2010-12","17424.154044"
"11","2011-01","13469.087444"
"11","2011-02","12541.302000"
"11","2011-03","11602.467000"
"11","2011-04","12091.007644"
"11","2011-05","13495.827556"
"11","2011-06","20516.480000"
"11","2011-07","18300.075600"
"11","2011-08","13614.855833"
"11","2011-09","11684.941689"
"11","2011-10","12611.220556"
"11","2011-11","15158.869056"
"11","2011-12","17755.525200"
"11","2012-01","13027.580556"
"11","2012-02","12513.925000"
"11","2012-03","11949.201422"
"11","2012-04","12546.673667"
"11","2012-05","14177.390778"
"11","2012-06","20749.308622"
"11","2012-07","17801.754778"
"11","2012-08","13416.825822"
"11","2012-09","11473.295167"
"11","2012-10","12682.396667"
"12","2010-02","3805.072356"
"12","2010-03","4464.506264"
"12","2010-04","4745.733241"
"12","2010-05","4776.444749"
"12","2010-06","4924.869000"
"12","2010-07","4895.775402"
"12","2010-08","4796.640833"
"12","2010-09","4492.391667"
"12","2010-10","4196.190670"
"12","2010-11","3766.768258"
"12","2010-12","2860.354933"
"12","2011-01","2741.609556"
"12","2011-02","3364.574278"
"12","2011-03","3965.219167"
"12","2011-04","4093.875333"
"12","2011-05","4375.857000"
"12","2011-06","4804.389833"
"12","2011-07","4749.540400"
"12","2011-08","4508.579167"
"12","2011-09","4301.410356"
"12","2011-10","4310.790444"
"12","2011-11","3644.289111"
"12","2011-12","3012.638356"
"12","2012-01","3090.689167"
"12","2012-02","3558.113333"
"12","2012-03","4188.412533"
"12","2012-04","4429.669833"
"12","2012-05","4598.394333"
"12","2012-06","4789.547156"
"12","2012-07","4774.607889"
"12","2012-08","4504.627022"
"12","2012-09","4164.298167"
"12","2012-10","4018.763444"
"13","2010-02","31362.740889"
"13","2010-03","30923.652000"
"13","2010-04","31223.635467"
"13","2010-05","30682.725000"
"13","2010-06","31502.633111"
"13","2010-07","31917.389244"
"13","2010-08","32697.258556"
"13","2010-09","32910.468833"
"13","2010-10","31166.432756"
"13","2010-11","30528.975944"
"13","2010-12","28239.531467"
"13","2011-01","29120.130333"
"13","2011-02","30392.373944"
"13","2011-03","30662.851667"
"13","2011-04","29209.902267"
"13","2011-05","29384.769500"
"13","2011-06","29583.720333"
"13","2011-07","30262.549600"
"13","2011-08","32211.139389"
"13","2011-09","31509.901911"
"13","2011-10","31178.040056"
"13","2011-11","30150.865556"
"13","2011-12","28329.034800"
"13","2012-01","29356.917389"
"13","2012-02","30531.308611"
"13","2012-03","30722.967067"
"13","2012-04","30064.112389"
"13","2012-05","29890.359000"
"13","2012-06","30428.272267"
"13","2012-07","30654.255889"
"13","2012-08","32768.686444"
"13","2012-09","31683.785056"
"13","2012-10","31034.981611"
"14","2010-02","15934.221444"
"14","2010-03","14870.036778"
"14","2010-04","13544.543778"
"14","2010-05","13855.284944"
"14","2010-06","13547.951833"
"14","2010-07","13303.452133"
"14","2010-08","14412.501611"
"14","2010-09","13460.556667"
"14","2010-10","12989.599244"
"14","2010-11","21121.345056"
"14","2010-12","26117.863689"
"14","2011-01","12337.615833"
"14","2011-02","14556.391111"
"14","2011-03","13489.666556"
"14","2011-04","13327.728044"
"14","2011-05","13205.050389"
"14","2011-06","12769.382833"
"14","2011-07","12429.537422"
"14","2011-08","13686.062944"
"14","2011-09","12687.415600"
"14","2011-10","13154.222389"
"14","2011-11","20854.377944"
"14","2011-12","25983.133244"
"14","2012-01","12791.188333"
"14","2012-02","14817.924222"
"14","2012-03","13697.453556"
"14","2012-04","13757.425556"
"14","2012-05","14283.132278"
"14","2012-06","13586.662933"
"14","2012-07","13484.282111"
"14","2012-08","13956.433067"
"14","2012-09","13351.047056"
"14","2012-10","13367.589556"
"16","2010-02","5729.270833"
"16","2010-03","12234.120500"
"16","2010-04","25426.338533"
"16","2010-05","30909.437722"
"16","2010-06","31519.164389"
"16","2010-07","22335.305867"
"16","2010-08","13475.517389"
"16","2010-09","9143.256556"
"16","2010-10","5328.075689"
"16","2010-11","3668.181722"
"16","2010-12","3432.435111"
"16","2011-01","3878.666778"
"16","2011-02","5700.434056"
"16","2011-03","12169.396667"
"16","2011-04","18124.359067"
"16","2011-05","28387.597000"
"16","2011-06","31492.376556"
"16","2011-07","22822.310089"
"16","2011-08","12778.049000"
"16","2011-09","8280.686978"
"16","2011-10","4928.707722"
"16","2011-11","3887.685389"
"16","2011-12","2948.581111"
"16","2012-01","3714.533722"
"16","2012-02","5363.231389"
"16","2012-03","14695.903689"
"16","2012-04","22839.168444"
"16","2012-05","29167.888556"
"16","2012-06","29121.596000"
"16","2012-07","20049.277056"
"16","2012-08","12258.522044"
"16","2012-09","7804.368278"
"16","2012-10","4473.595722"
"17","2010-02","12143.938111"
"17","2010-03","11576.018167"
"17","2010-04","9765.372711"
"17","2010-05","9905.977611"
"17","2010-06","9468.560722"
"17","2010-07","9588.596889"
"17","2010-08","10851.354667"
"17","2010-09","10425.103389"
"17","2010-10","9976.634222"
"17","2010-11","11686.089500"
"17","2010-12","14048.705200"
"17","2011-01","8948.776722"
"17","2011-02","10570.301000"
"17","2011-03","10246.460444"
"17","2011-04","9084.643600"
"17","2011-05","9063.598333"
"17","2011-06","8653.127444"
"17","2011-07","8755.906089"
"17","2011-08","10105.641889"
"17","2011-09","9553.803156"
"17","2011-10","9755.137921"
"17","2011-11","11856.295556"
"17","2011-12","13928.871600"
"17","2012-01","9037.869444"
"17","2012-02","10636.633222"
"17","2012-03","9941.343884"
"17","2012-04","8825.625251"
"17","2012-05","9235.071243"
"17","2012-06","8976.123575"
"17","2012-07","8860.652333"
"17","2012-08","10162.311810"
"17","2012-09","9867.209886"
"17","2012-10","10177.849943"
"18","2010-02","6262.811477"
"18","2010-03","2145.787697"
"18","2010-04","4994.328492"
"18","2010-05","2.466023"
"18","2010-06","1.027000"
"18","2010-07","-4.560204"
"18","2010-08","27.275439"
"18","2010-09","1801.770252"
"18","2010-10","10989.738571"
"18","2010-11","15903.545722"
"18","2010-12","33140.828622"
"18","2011-01","2262.107345"
"18","2011-02","5658.564749"
"18","2011-03","640.418011"
"18","2011-04","5285.292889"
"18","2011-05","201.077092"
"18","2011-06","4.384045"
"18","2011-07","0.668082"
"18","2011-08","23.048676"
"18","2011-09","2549.608990"
"18","2011-10","11688.036554"
"18","2011-11","16563.359389"
"18","2011-12","33801.160978"
"18","2012-01","2601.824389"
"18","2012-02","5833.505444"
"18","2012-03","2160.111067"
"18","2012-04","4850.049769"
"18","2012-05","6.549113"
"18","2012-06","1.127767"
"18","2012-07","2.842982"
"18","2012-08","135.807630"
"18","2012-09","3156.551243"
"18","2012-10","11378.672722"
"19","2010-02","1793.653644"
"19","2010-03","1979.144324"
"19","2010-04","1749.170217"
"19","2010-05","1751.721333"
"19","2010-06","1642.248785"
"19","2010-07","1761.519466"
"19","2010-08","1571.226893"
"19","2010-09","1636.534701"
"19","2010-10","2020.664795"
"19","2010-11","1824.529098"
"19","2010-12","1830.794539"
"19","2011-01","1434.367607"
"19","2011-02","1699.836783"
"19","2011-03","1554.766975"
"19","2011-04","1396.259792"
"19","2011-05","1330.505614"
"19","2011-06","1396.824579"
"19","2011-07","1354.949379"
"19","2011-08","1457.795966"
"19","2011-09","1531.235497"
"19","2011-10","2104.405862"
"19","2011-11","1698.205041"
"19","2011-12","1952.047133"
"19","2012-01","1346.511709"
"19","2012-02","1617.817373"
"19","2012-03","1799.669600"
"19","2012-04","1556.974188"
"19","2012-05","1726.664435"
"19","2012-06","1631.068944"
"19","2012-07","1514.139115"
"19","2012-08","1501.810775"
"19","2012-09","1504.667586"
"19","2012-10","1819.279587"
"20","2010-02","6686.600927"
"20","2010-03","6401.492500"
"20","2010-04","5857.791515"
"20","2010-05","6302.198509"
"20","2010-06","6505.537727"
"20","2010-07","6292.938119"
"20","2010-08","5839.175593"
"20","2010-09","5194.977135"
"20","2010-10","4929.320922"
"20","2010-11","5852.799568"
"20","2010-12","5029.362792"
"20","2011-01","4523.980949"
"20","2011-02","5157.852326"
"20","2011-03","5431.824682"
"20","2011-04","5234.221792"
"20","2011-05","5136.980057"
"20","2011-06","6083.307895"
"20","2011-07","5758.245200"
"20","2011-08","5877.362312"
"20","2011-09","5201.849372"
"20","2011-10","4876.244259"
"20","2011-11","5476.525212"
"20","2011-12","5224.689554"
"20","2012-01","4820.276398"
"20","2012-02","5618.826964"
"20","2012-03","5738.712308"
"20","2012-04","5006.592905"
"20","2012-05","5080.871500"
"20","2012-06","5966.340045"
"20","2012-07","5873.196500"
"20","2012-08","5728.311518"
"20","2012-09","5038.686784"
"20","2012-10","4641.659706"
"21","2010-02","5583.672611"
"21","2010-03","5587.544556"
"21","2010-04","5427.246533"
"21","2010-05","5206.847111"
"21","2010-06","5410.398722"
"21","2010-07","5638.238578"
"21","2010-08","5236.422889"
"21","2010-09","4993.151333"
"21","2010-10","4821.400444"
"21","2010-11","5390.517833"
"21","2010-12","6785.218178"
"21","2011-01","4189.506278"
"21","2011-02","4798.739833"
"21","2011-03","4637.754444"
"21","2011-04","4872.441467"
"21","2011-05","4474.027111"
"21","2011-06","4584.958389"
"21","2011-07","4673.551378"
"21","2011-08","4734.339500"
"21","2011-09","4621.835022"
"21","2011-10","4683.955333"
"21","2011-11","5361.184500"
"21","2011-12","6579.775778"
"21","2012-01","3936.263111"
"21","2012-02","4650.325611"
"21","2012-03","5102.376756"
"21","2012-04","5046.808167"
"21","2012-05","4301.783056"
"21","2012-06","4444.091600"
"21","2012-07","4587.770833"
"21","2012-08","4602.434089"
"21","2012-09","4386.658444"
"21","2012-10","4393.525167"
"22","2010-02","13557.091284"
"22","2010-03","11291.296824"
"22","2010-04","9768.726703"
"22","2010-05","9485.824027"
"22","2010-06","9853.046284"
"22","2010-07","10998.818865"
"22","2010-08","11660.663041"
"22","2010-09","10947.049133"
"22","2010-10","10932.723459"
"22","2010-11","13808.137450"
"22","2010-12","15887.731170"
"22","2011-01","9626.219730"
"22","2011-02","12733.571267"
"22","2011-03","11256.406040"
"22","2011-04","9594.877688"
"22","2011-05","9118.051946"
"22","2011-06","9313.627919"
"22","2011-07","9204.141923"
"22","2011-08","10575.257821"
"22","2011-09","10270.105596"
"22","2011-10","10747.890403"
"22","2011-11","13017.881538"
"22","2011-12","13023.897763"
"22","2012-01","8495.181124"
"22","2012-02","11811.355000"
"22","2012-03","10759.175779"
"22","2012-04","9007.619000"
"22","2012-05","9021.457115"
"22","2012-06","9327.078731"
"22","2012-07","9696.684611"
"22","2012-08","10448.966604"
"22","2012-09","10027.429264"
"22","2012-10","10258.435849"
"23","2010-02","22999.296711"
"23","2010-03","21862.267451"
"23","2010-04","22593.962448"
"23","2010-05","25205.481800"
"23","2010-06","29894.034902"
"23","2010-07","25092.723246"
"23","2010-08","25940.182500"
"23","2010-09","21058.027763"
"23","2010-10","23818.824921"
"23","2010-11","29530.864276"
"23","2010-12","39896.217979"
"23","2011-01","18393.808067"
"23","2011-02","22796.372119"
"23","2011-03","20492.409878"
"23","2011-04","19785.524698"
"23","2011-05","20783.785058"
"23","2011-06","26249.041294"
"23","2011-07","22023.602817"
"23","2011-08","22733.311024"
"23","2011-09","19640.202537"
"23","2011-10","22697.999880"
"23","2011-11","27515.052073"
"23","2011-12","36068.255640"
"23","2012-01","16763.109940"
"23","2012-02","20524.033647"
"23","2012-03","21796.049238"
"23","2012-04","21745.107602"
"23","2012-05","22777.025988"
"23","2012-06","27130.789517"
"23","2012-07","23356.242679"
"23","2012-08","23328.277333"
"23","2012-09","19597.792738"
"23","2012-10","23381.684085"
"24","2010-02","6282.506242"
"24","2010-03","6198.799128"
"24","2010-04","6416.183280"
"24","2010-05","5817.875000"
"24","2010-06","5755.795667"
"24","2010-07","5442.352581"
"24","2010-08","10274.678322"
"24","2010-09","5949.865000"
"24","2010-10","5990.012108"
"24","2010-11","8445.831946"
"24","2010-12","9966.625668"
"24","2011-01","3839.502667"
"24","2011-02","5606.353624"
"24","2011-03","5227.658467"
"24","2011-04","5475.725000"
"24","2011-05","4690.629490"
"24","2011-06","5352.262914"
"24","2011-07","5213.709206"
"24","2011-08","9198.288535"
"24","2011-09","5699.981710"
"24","2011-10","6177.112867"
"24","2011-11","8218.069073"
"24","2011-12","9841.982381"
"24","2012-01","3680.838725"
"24","2012-02","5501.165658"
"24","2012-03","5704.701316"
"24","2012-04","5612.348968"
"24","2012-05","5117.680065"
"24","2012-06","5146.716387"
"24","2012-07","5495.307987"
"24","2012-08","9232.024660"
"24","2012-09","5679.267039"
"24","2012-10","6377.422500"
"25","2010-02","8478.447784"
"25","2010-03","9162.860057"
"25","2010-04","10129.009509"
"25","2010-05","9897.618111"
"25","2010-06","10013.942889"
"25","2010-07","8349.070311"
"25","2010-08","8733.219889"
"25","2010-09","7888.591222"
"25","2010-10","8675.791511"
"25","2010-11","9351.617222"
"25","2010-12","10964.234241"
"25","2011-01","6321.556167"
"25","2011-02","7736.202167"
"25","2011-03","8406.984722"
"25","2011-04","9126.224133"
"25","2011-05","9302.339889"
"25","2011-06","9836.582167"
"25","2011-07","8495.434978"
"25","2011-08","8883.941200"
"25","2011-09","8351.475747"
"25","2011-10","9489.109253"
"25","2011-11","10072.837500"
"25","2011-12","10641.347557"
"25","2012-01","6433.898621"
"25","2012-02","7985.067600"
"25","2012-03","9602.636484"
"25","2012-04","9861.684716"
"25","2012-05","9613.060114"
"25","2012-06","9687.261126"
"25","2012-07","8301.548629"
"25","2012-08","8637.898000"
"25","2012-09","8148.213657"
"25","2012-10","9056.989486"
"26","2010-02","8566.716667"
"26","2010-03","8285.613789"
"26","2010-04","8619.507214"
"26","2010-05","7640.348176"
"26","2010-06","7059.754528"
"26","2010-07","6146.708426"
"26","2010-08","6634.369255"
"26","2010-09","7625.839560"
"26","2010-10","9126.376238"
"26","2010-11","10548.451118"
"26","2010-12","10404.195600"
"26","2011-01","5109.581902"
"26","2011-02","7996.319367"
"26","2011-03","7844.323101"
"26","2011-04","7687.052273"
"26","2011-05","6917.240123"
"26","2011-06","7099.155063"
"26","2011-07","5758.246238"
"26","2011-08","6360.667750"
"26","2011-09","7235.924271"
"26","2011-10","9289.917848"
"26","2011-11","10167.524938"
"26","2011-12","9725.863881"
"26","2012-01","4962.663396"
"26","2012-02","7846.884500"
"26","2012-03","8015.344167"
"26","2012-04","7980.874037"
"26","2012-05","6738.976975"
"26","2012-06","6179.414175"
"26","2012-07","5613.034720"
"26","2012-08","6301.523333"
"26","2012-09","7757.420870"
"26","2012-10","9005.626319"
"27","2010-02","2080.105473"
"27","2010-03","1679.005743"
"27","2010-04","1441.555081"
"27","2010-05","1364.900811"
"27","2010-06","1228.293154"
"27","2010-07","1167.646541"
"27","2010-08","1624.876892"
"27","2010-09","1304.922027"
"27","2010-10","1672.031946"
"27","2010-11","2164.171284"
"27","2010-12","3313.981237"
"27","2011-01","1715.203490"
"27","2011-02","1921.489595"
"27","2011-03","1498.830126"
"27","2011-04","1215.825263"
"27","2011-05","1159.050595"
"27","2011-06","1073.503976"
"27","2011-07","994.998531"
"27","2011-08","1298.493476"
"27","2011-09","1258.054554"
"27","2011-10","1599.886335"
"27","2011-11","2085.604479"
"27","2011-12","3098.109212"
"27","2012-01","1564.307593"
"27","2012-02","1807.120920"
"27","2012-03","1568.164505"
"27","2012-04","1358.191132"
"27","2012-05","1228.245786"
"27","2012-06","1147.812289"
"27","2012-07","1123.564724"
"27","2012-08","1425.959655"
"27","2012-09","1331.237222"
"27","2012-10","1767.637622"
"28","2010-02","815.260756"
"28","2010-03","824.790988"
"28","2010-04","781.007488"
"28","2010-05","639.704012"
"28","2010-06","477.447035"
"28","2010-07","391.814093"
"28","2010-08","409.866047"
"28","2010-09","513.790116"
"28","2010-10","875.182744"
"28","2010-11","911.859593"
"28","2010-12","940.972558"
"28","2011-01","657.927558"
"28","2011-02","706.085233"
"28","2011-03","681.391047"
"28","2011-04","663.392372"
"28","2011-05","586.845465"
"28","2011-06","420.265640"
"28","2011-07","346.078605"
"28","2011-08","352.882294"
"28","2011-09","458.476526"
"28","2011-10","750.274651"
"28","2011-11","845.130988"
"28","2011-12","890.002383"
"28","2012-01","652.432456"
"28","2012-02","702.178314"
"28","2012-03","638.784813"
"28","2012-04","618.261065"
"28","2012-05","528.503824"
"28","2012-06","401.370853"
"28","2012-07","331.426786"
"28","2012-08","349.499577"
"28","2012-09","451.704269"
"28","2012-10","779.793529"
"29","2010-02","6360.953986"
"29","2010-03","5085.809597"
"29","2010-04","5088.157527"
"29","2010-05","5555.077450"
"29","2010-06","5384.166667"
"29","2010-07","5729.257297"
"29","2010-08","6116.810946"
"29","2010-09","4910.949463"
"29","2010-10","5023.305730"
"29","2010-11","6405.192162"
"29","2010-12","9231.053135"
"29","2011-01","4810.329932"
"29","2011-02","6352.886081"
"29","2011-03","5106.853311"
"29","2011-04","4761.106417"
"29","2011-05","5168.734122"
"29","2011-06","4951.365400"
"29","2011-07","5281.815591"
"29","2011-08","5476.181284"
"29","2011-09","4671.568378"
"29","2011-10","5270.204257"
"29","2011-11","6658.373041"
"29","2011-12","9206.947892"
"29","2012-01","4686.491486"
"29","2012-02","6356.110403"
"29","2012-03","5176.183763"
"29","2012-04","5092.565743"
"29","2012-05","5347.482162"
"29","2012-06","5215.633027"
"29","2012-07","5646.073716"
"29","2012-08","5693.860000"
"29","2012-09","4931.222838"
"29","2012-10","5148.902500"
"30","2010-02","4835.796216"
"30","2010-03","4529.580811"
"30","2010-04","4861.762486"
"30","2010-05","5081.581554"
"30","2010-06","5191.598311"
"30","2010-07","4994.542432"
"30","2010-08","5048.128311"
"30","2010-09","3972.484662"
"30","2010-10","3537.942865"
"30","2010-11","3324.628311"
"30","2010-12","3530.726324"
"30","2011-01","3031.032500"
"30","2011-02","4399.963514"
"30","2011-03","4580.052973"
"30","2011-04","4333.459135"
"30","2011-05","4448.480000"
"30","2011-06","4617.336351"
"30","2011-07","4528.139514"
"30","2011-08","4491.501351"
"30","2011-09","3580.204324"
"30","2011-10","3456.392838"
"30","2011-11","3156.903784"
"30","2011-12","3270.509027"
"30","2012-01","2833.030811"
"30","2012-02","3998.176419"
"30","2012-03","4265.319297"
"30","2012-04","4176.541959"
"30","2012-05","4283.155946"
"30","2012-06","4409.086270"
"30","2012-07","4305.571824"
"30","2012-08","4246.460378"
"30","2012-09","3308.436284"
"30","2012-10","3207.485405"
"31","2010-02","2312.196369"
"31","2010-03","1972.411687"
"31","2010-04","1698.424857"
"31","2010-05","1733.573905"
"31","2010-06","1734.306588"
"31","2010-07","2198.380330"
"31","2010-08","4621.383529"
"31","2010-09","2747.620814"
"31","2010-10","2059.798019"
"31","2010-11","2498.455879"
"31","2010-12","3952.475261"
"31","2011-01","1910.993952"
"31","2011-02","2030.579036"
"31","2011-03","1960.937091"
"31","2011-04","1778.651374"
"31","2011-05","1868.020833"
"31","2011-06","1876.610947"
"31","2011-07","2458.953173"
"31","2011-08","4511.690227"
"31","2011-09","2405.691667"
"31","2011-10","2061.119581"
"31","2011-11","2347.486788"
"31","2011-12","3666.638286"
"31","2012-01","1621.499524"
"31","2012-02","1705.063198"
"31","2012-03","1584.715753"
"31","2012-04","1593.492349"
"31","2012-05","1692.249337"
"31","2012-06","1677.636279"
"31","2012-07","2275.517797"
"31","2012-08","3902.795112"
"31","2012-09","2023.972557"
"31","2012-10","2121.920291"
"32","2010-02","9565.918405"
"32","2010-03","6285.304303"
"32","2010-04","6075.693365"
"32","2010-05","7839.535269"
"32","2010-06","6773.028631"
"32","2010-07","6190.619095"
"32","2010-08","6006.466488"
"32","2010-09","5707.512515"
"32","2010-10","5360.975735"
"32","2010-11","6537.074303"
"32","2010-12","14524.054412"
"32","2011-01","4518.685427"
"32","2011-02","8550.789226"
"32","2011-03","5966.184251"
"32","2011-04","5822.233756"
"32","2011-05","7648.846380"
"32","2011-06","6724.327012"
"32","2011-07","6348.974069"
"32","2011-08","6038.902761"
"32","2011-09","5505.536341"
"32","2011-10","5619.707375"
"32","2011-11","6843.818250"
"32","2011-12","14337.980303"
"32","2012-01","4612.312795"
"32","2012-02","8681.146894"
"32","2012-03","5829.172524"
"32","2012-04","5834.193237"
"32","2012-05","7248.982486"
"32","2012-06","6328.899167"
"32","2012-07","5887.985170"
"32","2012-08","5423.130409"
"32","2012-09","5165.770702"
"32","2012-10","4989.644828"
"33","2010-02","6634.204228"
"33","2010-03","6396.550733"
"33","2010-04","6637.951497"
"33","2010-05","6305.058322"
"33","2010-06","6358.885570"
"33","2010-07","5827.420484"
"33","2010-08","9498.571409"
"33","2010-09","6102.929595"
"33","2010-10","5976.963545"
"33","2010-11","8287.772133"
"33","2010-12","10206.423065"
"33","2011-01","3810.691342"
"33","2011-02","6140.819267"
"33","2011-03","5513.549060"
"33","2011-04","5801.491117"
"33","2011-05","5087.448039"
"33","2011-06","5885.083600"
"33","2011-07","5582.244677"
"33","2011-08","8383.857078"
"33","2011-09","5773.400365"
"33","2011-10","5935.225909"
"33","2011-11","8011.990530"
"33","2011-12","10057.134171"
"33","2012-01","3600.774133"
"33","2012-02","5694.613464"
"33","2012-03","5845.911270"
"33","2012-04","5755.348487"
"33","2012-05","5175.636667"
"33","2012-06","5355.307801"
"33","2012-07","5936.564342"
"33","2012-08","8741.340885"
"33","2012-09","5513.753092"
"33","2012-10","6654.660530"
"34","2010-02","16833.561745"
"34","2010-03","17362.532365"
"34","2010-04","17665.611730"
"34","2010-05","19053.038322"
"34","2010-06","18825.384027"
"34","2010-07","16573.705829"
"34","2010-08","15417.942013"
"34","2010-09","13633.037297"
"34","2010-10","13938.351129"
"34","2010-11","15462.654733"
"34","2010-12","15660.221526"
"34","2011-01","10240.059737"
"34","2011-02","14082.204459"
"34","2011-03","14477.873816"
"34","2011-04","14907.734920"
"34","2011-05","16521.421067"
"34","2011-06","18220.422013"
"34","2011-07","16688.171337"
"34","2011-08","15281.213243"
"34","2011-09","12810.594064"
"34","2011-10","13377.330537"
"34","2011-11","14821.283446"
"34","2011-12","16119.453189"
"34","2012-01","10366.524966"
"34","2012-02","14641.064932"
"34","2012-03","16548.516828"
"34","2012-04","17554.175946"
"34","2012-05","18886.359595"
"34","2012-06","18846.722216"
"34","2012-07","16653.497095"
"34","2012-08","15129.316595"
"34","2012-09","13690.634459"
"34","2012-10","14792.356577"
"35","2010-02","2419.901554"
"35","2010-03","3011.005473"
"35","2010-04","3174.670757"
"35","2010-05","3655.098446"
"35","2010-06","3397.205270"
"35","2010-07","2924.914919"
"35","2010-08","2468.848581"
"35","2010-09","2500.543581"
"35","2010-10","2756.448441"
"35","2010-11","2997.970135"
"35","2010-12","3210.346378"
"35","2011-01","1806.797905"
"35","2011-02","2648.643311"
"35","2011-03","3086.758649"
"35","2011-04","3287.982324"
"35","2011-05","3664.706757"
"35","2011-06","3557.712568"
"35","2011-07","2977.146432"
"35","2011-08","2650.195000"
"35","2011-09","2690.465135"
"35","2011-10","2709.444901"
"35","2011-11","2771.300267"
"35","2011-12","3153.420216"
"35","2012-01","1912.728581"
"35","2012-02","2881.332162"
"35","2012-03","3078.380324"
"35","2012-04","3363.948378"
"35","2012-05","3874.586351"
"35","2012-06","3591.438054"
"35","2012-07","2778.680135"
"35","2012-08","2316.754162"
"35","2012-09","2286.668108"
"35","2012-10","2538.246689"
"36","2010-02","933.884933"
"36","2010-03","1566.889467"
"36","2010-04","1694.451514"
"36","2010-05","2903.804527"
"36","2010-06","4451.724662"
"36","2010-07","2928.839784"
"36","2010-08","946.991824"
"36","2010-09","811.162162"
"36","2010-10","1248.266757"
"36","2010-11","2314.433311"
"36","2010-12","2688.974541"
"36","2011-01","1014.717973"
"36","2011-02","1177.825743"
"36","2011-03","1797.327703"
"36","2011-04","1805.619946"
"36","2011-05","2575.244595"
"36","2011-06","4769.566014"
"36","2011-07","3301.023892"
"36","2011-08","1140.371554"
"36","2011-09","1045.948541"
"36","2011-10","1565.935676"
"36","2011-11","2010.934122"
"36","2011-12","2653.580973"
"36","2012-01","1051.219865"
"36","2012-02","1794.497075"
"36","2012-03","1914.665514"
"36","2012-04","1955.037230"
"36","2012-05","2656.476644"
"36","2012-06","4309.397568"
"36","2012-07","2324.172365"
"36","2012-08","665.089784"
"36","2012-09","811.872432"
"36","2012-10","1428.047703"
"37","2010-02","3577.100000"
"37","2010-03","3296.579583"
"37","2010-04","3146.243667"
"37","2010-05","3132.641528"
"37","2010-06","3278.561528"
"37","2010-07","3295.724444"
"37","2010-08","3095.529444"
"37","2010-09","3033.455972"
"37","2010-10","3070.573222"
"37","2010-11","3310.343611"
"37","2010-12","3209.013778"
"37","2011-01","2931.207639"
"37","2011-02","3220.029722"
"37","2011-03","3207.437222"
"37","2011-04","3001.079556"
"37","2011-05","2861.731250"
"37","2011-06","2979.680278"
"37","2011-07","2906.508889"
"37","2011-08","3040.145139"
"37","2011-09","2948.998478"
"37","2011-10","3248.910972"
"37","2011-11","3360.788904"
"37","2011-12","3159.647222"
"37","2012-01","2857.055833"
"37","2012-02","3226.386250"
"37","2012-03","3191.246444"
"37","2012-04","2975.999722"
"37","2012-05","3014.059861"
"37","2012-06","3090.888111"
"37","2012-07","3048.748472"
"37","2012-08","2918.087556"
"37","2012-09","2914.567639"
"37","2012-10","3188.533056"
"38","2010-02","62108.197833"
"38","2010-03","62409.223444"
"38","2010-04","61303.311556"
"38","2010-05","60792.564944"
"38","2010-06","57805.109722"
"38","2010-07","58197.129689"
"38","2010-08","58280.365333"
"38","2010-09","59012.298833"
"38","2010-10","59421.040933"
"38","2010-11","57138.336500"
"38","2010-12","59731.907778"
"38","2011-01","64331.600444"
"38","2011-02","62535.489556"
"38","2011-03","62191.726611"
"38","2011-04","61450.085289"
"38","2011-05","61511.532444"
"38","2011-06","59584.566611"
"38","2011-07","59142.837600"
"38","2011-08","60230.803889"
"38","2011-09","60725.754756"
"38","2011-10","60941.947778"
"38","2011-11","59844.101500"
"38","2011-12","62460.578044"
"38","2012-01","66013.208944"
"38","2012-02","65866.172111"
"38","2012-03","65940.351422"
"38","2012-04","65080.491111"
"38","2012-05","64124.034889"
"38","2012-06","59712.202089"
"38","2012-07","60596.959944"
"38","2012-08","59530.543689"
"38","2012-09","59563.721222"
"38","2012-10","59507.517333"
"39","2010-02","3.900000"
"39","2010-03","0.780000"
"39","2010-05","28.000000"
"39","2010-12","1.560000"
"39","2011-12","1.980000"
"39","2012-08","4.470000"
"39","2012-09","16.762500"
"39","2012-10","16.390000"
"40","2010-02","47357.829722"
"40","2010-03","46559.930222"
"40","2010-04","45332.467289"
"40","2010-05","44239.255889"
"40","2010-06","43767.066722"
"40","2010-07","43516.804489"
"40","2010-08","43238.307500"
"40","2010-09","44229.083722"
"40","2010-10","43683.978089"
"40","2010-11","43442.686833"
"40","2010-12","45710.920933"
"40","2011-01","45438.730556"
"40","2011-02","47077.081611"
"40","2011-03","46366.003833"
"40","2011-04","43796.403200"
"40","2011-05","43589.767444"
"40","2011-06","42857.437778"
"40","2011-07","42136.437556"
"40","2011-08","43092.057722"
"40","2011-09","43259.300044"
"40","2011-10","43809.959444"
"40","2011-11","43384.431722"
"40","2011-12","45522.584044"
"40","2012-01","47136.870000"
"40","2012-02","48397.281944"
"40","2012-03","47727.737733"
"40","2012-04","46165.911167"
"40","2012-05","45208.095000"
"40","2012-06","44763.873200"
"40","2012-07","44232.498278"
"40","2012-08","45725.444178"
"40","2012-09","46213.792722"
"40","2012-10","45426.104222"
"41","2010-02","939.022733"
"41","2010-03","998.073624"
"41","2010-04","1285.166150"
"41","2010-05","1082.990000"
"41","2010-06","1423.819735"
"41","2010-07","1165.117784"
"41","2010-08","1997.346400"
"41","2010-09","3312.288800"
"41","2010-10","3007.355532"
"41","2010-11","2419.104362"
"41","2010-12","3855.342979"
"41","2011-01","1253.633851"
"41","2011-02","2038.475608"
"41","2011-03","1511.303221"
"41","2011-04","1544.659949"
"41","2011-05","1270.476839"
"41","2011-06","1738.631656"
"41","2011-07","1386.926995"
"41","2011-08","1954.453013"
"41","2011-09","3034.987366"
"41","2011-10","2971.867219"
"41","2011-11","2483.273709"
"41","2011-12","3876.782381"
"41","2012-01","1042.438859"
"41","2012-02","1506.344200"
"41","2012-03","1564.626862"
"41","2012-04","1560.725695"
"41","2012-05","1338.891946"
"41","2012-06","1370.206243"
"41","2012-07","1398.494901"
"41","2012-08","2243.572737"
"41","2012-09","3033.456039"
"41","2012-10","2549.044867"
"42","2010-02","4630.616860"
"42","2010-03","5384.026047"
"42","2010-04","5411.214093"
"42","2010-05","5074.342444"
"42","2010-06","5152.666667"
"42","2010-07","5295.630489"
"42","2010-08","5299.714944"
"42","2010-09","5174.062500"
"42","2010-10","5256.222933"
"42","2010-11","5040.841667"
"42","2010-12","4385.878978"
"42","2011-01","4284.737222"
"42","2011-02","4778.114000"
"42","2011-03","5110.824833"
"42","2011-04","5058.206311"
"42","2011-05","5086.271222"
"42","2011-06","5153.711222"
"42","2011-07","5312.777644"
"42","2011-08","5290.899611"
"42","2011-09","5337.837111"
"42","2011-10","5461.646000"
"42","2011-11","5335.538833"
"42","2011-12","4788.933467"
"42","2012-01","4815.985333"
"42","2012-02","5234.982833"
"42","2012-03","5674.527252"
"42","2012-04","5679.441080"
"42","2012-05","5526.273128"
"42","2012-06","5545.420444"
"42","2012-07","5500.618556"
"42","2012-08","5404.812267"
"42","2012-09","5293.577333"
"42","2012-10","5400.606278"
"43","2010-02","0.250000"
"43","2010-04","1.000000"
"43","2010-08","0.500000"
"43","2011-03","3.000000"
"43","2011-07","3.000000"
"43","2011-12","1.070000"
"43","2012-01","1.333333"
"43","2012-02","0.500000"
"43","2012-03","0.500000"
"43","2012-05","0.500000"
"44","2010-02","4661.140260"
"44","2010-03","4218.577925"
"44","2010-04","4322.803874"
"44","2010-05","4471.907417"
"44","2010-06","4348.486948"
"44","2010-07","4157.459740"
"44","2010-08","4155.330710"
"44","2010-09","4540.361879"
"44","2010-10","4988.934433"
"44","2010-11","5551.254570"
"44","2010-12","6778.427460"
"44","2011-01","3749.928954"
"44","2011-02","4498.126316"
"44","2011-03","4103.634545"
"44","2011-04","4334.537926"
"44","2011-05","4188.000066"
"44","2011-06","4152.509664"
"44","2011-07","4037.299096"
"44","2011-08","4000.613205"
"44","2011-09","4516.064000"
"44","2011-10","5475.139733"
"44","2011-11","5853.262081"
"44","2011-12","7528.582406"
"44","2012-01","4086.779067"
"44","2012-02","4896.314605"
"44","2012-03","4187.472694"
"44","2012-04","4021.987059"
"44","2012-05","4562.613247"
"44","2012-06","4345.333246"
"44","2012-07","4197.227006"
"44","2012-08","4246.811313"
"44","2012-09","4708.000065"
"44","2012-10","5213.841925"
"45","2010-02","23.377558"
"45","2010-03","24.583474"
"45","2010-04","18.678932"
"45","2010-05","21.858310"
"45","2010-06","20.786389"
"45","2010-07","36.017928"
"45","2010-08","17.863818"
"45","2010-09","24.174242"
"45","2010-10","22.418916"
"45","2010-11","22.284286"
"45","2010-12","18.836322"
"45","2011-01","23.555484"
"45","2011-02","17.154098"
"45","2011-03","20.743559"
"45","2011-04","24.847123"
"45","2011-05","22.647692"
"45","2011-06","29.398627"
"45","2011-07","18.071970"
"45","2011-08","19.697778"
"45","2011-09","21.347344"
"45","2011-10","24.151961"
"45","2011-11","27.020172"
"45","2011-12","21.954500"
"45","2012-01","19.473673"
"45","2012-02","24.871026"
"45","2012-03","27.244038"
"45","2012-04","25.963750"
"45","2012-05","22.555185"
"45","2012-06","34.778649"
"45","2012-07","15.140435"
"45","2012-08","19.233103"
"45","2012-09","25.651304"
"45","2012-10","25.455652"
"46","2010-02","18591.234944"
"46","2010-03","18772.094833"
"46","2010-04","19426.753244"
"46","2010-05","20324.936500"
"46","2010-06","21538.288167"
"46","2010-07","20202.645111"
"46","2010-08","18655.401222"
"46","2010-09","17332.896111"
"46","2010-10","16944.951822"
"46","2010-11","18105.739722"
"46","2010-12","25990.859422"
"46","2011-01","16687.645389"
"46","2011-02","19242.389333"
"46","2011-03","19706.294611"
"46","2011-04","19690.656667"
"46","2011-05","20908.346444"
"46","2011-06","22660.539944"
"46","2011-07","21022.072756"
"46","2011-08","19628.753444"
"46","2011-09","17342.677467"
"46","2011-10","17765.774056"
"46","2011-11","18543.369500"
"46","2011-12","26898.818356"
"46","2012-01","17326.804333"
"46","2012-02","19880.892000"
"46","2012-03","20085.629733"
"46","2012-04","20766.903833"
"46","2012-05","21608.298611"
"46","2012-06","23056.368489"
"46","2012-07","21399.120778"
"46","2012-08","19743.733244"
"46","2012-09","17780.036333"
"46","2012-10","17792.290000"
"47","2010-02","39.498500"
"47","2010-03","-72.038000"
"47","2010-04","18.767037"
"47","2010-05","28.875714"
"47","2010-06","0.833333"
"47","2010-07","-52.268889"
"47","2010-08","27.109444"
"47","2010-09","-102.134444"
"47","2010-10","-65.674444"
"47","2010-11","25.002308"
"47","2010-12","18.118333"
"47","2011-01","38.324000"
"47","2011-02","32.609333"
"47","2011-03","-38.283889"
"47","2011-04","-46.526842"
"47","2011-05","50.689091"
"47","2011-06","-76.098182"
"47","2011-07","-112.370909"
"47","2011-08","11.680000"
"47","2011-09","-174.656250"
"47","2011-10","-77.700000"
"47","2011-11","112.192308"
"47","2011-12","13.380714"
"47","2012-01","-21.778095"
"47","2012-02","97.962963"
"47","2012-03","-95.611111"
"47","2012-04","1.579412"
"47","2012-05","-30.500000"
"47","2012-06","31.933913"
"47","2012-07","48.333333"
"47","2012-08","-21.220000"
"47","2012-09","-11.715714"
"47","2012-10","19.052500"
"48","2010-02","1183.308667"
"48","2010-03","871.389512"
"48","2010-04","804.938400"
"48","2010-05","723.027429"
"48","2010-06","917.885714"
"48","2010-07","854.218667"
"48","2010-08","802.463415"
"48","2010-09","1458.076923"
"48","2010-10","1266.511481"
"48","2010-11","1586.495952"
"48","2010-12","2253.832075"
"48","2011-01","751.572326"
"48","2011-02","1132.428667"
"48","2011-03","1071.208889"
"48","2011-04","841.131034"
"48","2011-05","971.577556"
"48","2011-06","807.978537"
"48","2011-07","616.920000"
"48","2011-08","836.411765"
"48","2011-09","1168.843151"
"48","2011-10","1350.315738"
"48","2011-11","1866.785902"
"48","2011-12","2299.580000"
"48","2012-01","973.720179"
"48","2012-02","1481.381250"
"48","2012-03","1635.351389"
"48","2012-04","1331.423559"
"48","2012-05","1212.413333"
"48","2012-06","1158.097015"
"48","2012-07","1394.008750"
"48","2012-08","1519.809863"
"48","2012-09","2640.035088"
"48","2012-10","2775.566667"
"49","2010-02","11412.602897"
"49","2010-03","11096.910926"
"49","2010-04","9774.579695"
"49","2010-05","9520.535865"
"49","2010-06","8756.667222"
"49","2010-07","9503.229000"
"49","2010-08","10597.099706"
"49","2010-09","9438.380490"
"49","2010-10","8745.869380"
"49","2010-11","8570.516569"
"49","2010-12","8641.646063"
"49","2011-01","9400.659714"
"49","2011-02","10812.820476"
"49","2011-03","11467.374190"
"49","2011-04","10249.341318"
"49","2011-05","9807.485437"
"49","2011-06","9651.410291"
"49","2011-07","7956.611783"
"49","2011-08","8683.791172"
"49","2011-09","7495.063659"
"49","2011-10","7331.277727"
"49","2011-11","6270.756403"
"49","2011-12","5989.966178"
"49","2012-01","6571.770000"
"49","2012-02","7591.976516"
"49","2012-03","7335.546169"
"49","2012-04","6724.156218"
"49","2012-05","6336.009245"
"49","2012-06","6071.146935"
"49","2012-07","6499.004967"
"49","2012-08","7426.833690"
"49","2012-09","6275.006275"
"49","2012-10","6896.112333"
"50","2010-02","3072.219512"
"50","2010-03","3141.073409"
"50","2010-04","2824.143846"
"50","2010-05","2536.063721"
"50","2010-06","2623.423171"
"50","2010-07","2714.717736"
"50","2010-08","2995.930000"
"50","2010-09","2535.903023"
"50","2010-10","2484.762364"
"50","2010-11","2291.895000"
"50","2010-12","2211.071667"
"50","2011-01","2669.972195"
"50","2011-02","2892.053636"
"50","2011-03","2952.847674"
"50","2011-04","2714.208545"
"50","2011-05","2661.089070"
"50","2011-06","2519.526364"
"50","2011-07","2581.633704"
"50","2011-08","2953.634773"
"50","2011-09","2437.821017"
"50","2011-10","2329.344167"
"50","2011-11","2267.292826"
"50","2011-12","2378.848364"
"50","2012-01","2669.849091"
"50","2012-02","2870.702222"
"50","2012-03","3022.328182"
"50","2012-04","2638.774091"
"50","2012-05","2629.499545"
"50","2012-06","2601.756000"
"50","2012-07","2636.227500"
"50","2012-08","3003.900909"
"50","2012-09","2524.379545"
"50","2012-10","2532.771818"
"51","2010-02","26.892185"
"51","2010-03","22.258750"
"51","2010-04","24.412992"
"51","2010-05","31.880345"
"51","2010-06","36.461290"
"51","2010-07","28.896286"
"51","2010-08","26.875942"
"51","2010-09","17.610678"
"51","2010-10","12.291296"
"51","2010-11","12.131136"
"51","2010-12","36.542059"
"51","2011-01","23.084444"
"51","2011-02","6.913448"
"51","2011-03","8.462857"
"51","2011-04","8.853684"
"51","2011-05","9.215400"
"51","2011-06","19.198837"
"51","2011-07","26.866000"
"51","2011-08","20.318824"
"51","2011-09","17.719643"
"51","2011-10","5.122500"
"51","2011-11","6.018333"
"51","2011-12","17.575385"
"51","2012-01","5.613333"
"51","2012-03","5.880000"
"51","2012-04","4.108000"
"51","2012-05","12.370000"
"51","2012-06","8.337895"
"51","2012-07","5.489412"
"51","2012-08","2.580000"
"51","2012-09","-29.752000"
"51","2012-10","13.380000"
"52","2010-02","2296.977733"
"52","2010-03","2286.278023"
"52","2010-04","2156.771209"
"52","2010-05","2267.519770"
"52","2010-06","1769.716897"
"52","2010-07","1541.451704"
"52","2010-08","1666.108324"
"52","2010-09","2008.457006"
"52","2010-10","2155.807580"
"52","2010-11","2291.322457"
"52","2010-12","2202.597465"
"52","2011-01","1441.991420"
"52","2011-02","1861.581130"
"52","2011-03","1913.957167"
"52","2011-04","1837.616757"
"52","2011-05","1977.083258"
"52","2011-06","1558.670517"
"52","2011-07","1585.323704"
"52","2011-08","1687.511886"
"52","2011-09","2032.215045"
"52","2011-10","2266.564972"
"52","2011-11","2529.836893"
"52","2011-12","2540.672670"
"52","2012-01","1581.768146"
"52","2012-02","1900.691742"
"52","2012-03","1892.170591"
"52","2012-04","1737.993125"
"52","2012-05","2073.653064"
"52","2012-06","1738.133657"
"52","2012-07","1627.267895"
"52","2012-08","1596.058539"
"52","2012-09","1766.035723"
"52","2012-10","1840.112471"
"54","2010-02","307.768041"
"54","2010-03","228.551149"
"54","2010-04","224.627459"
"54","2010-05","274.288986"
"54","2010-06","246.280476"
"54","2010-07","236.204728"
"54","2010-08","215.797639"
"54","2010-09","144.678276"
"54","2010-10","107.433646"
"54","2010-11","105.253427"
"54","2010-12","169.680440"
"54","2011-01","54.235620"
"54","2011-02","79.105217"
"54","2011-03","61.820797"
"54","2011-04","61.144260"
"54","2011-05","72.885816"
"54","2011-06","61.415000"
"54","2011-07","50.358834"
"54","2011-08","57.765072"
"54","2011-09","46.048500"
"54","2011-10","54.903360"
"54","2011-11","47.579680"
"54","2011-12","92.181420"
"54","2012-01","35.356333"
"54","2012-02","53.540606"
"54","2012-03","41.641769"
"54","2012-04","37.035484"
"54","2012-05","48.889206"
"54","2012-06","34.895105"
"54","2012-07","36.611150"
"54","2012-08","36.419155"
"54","2012-09","29.221765"
"54","2012-10","36.300000"
"55","2010-02","14111.671697"
"55","2010-03","12340.111274"
"55","2010-04","10121.850302"
"55","2010-05","8910.136101"
"55","2010-06","9613.488165"
"55","2010-07","9107.796684"
"55","2010-08","8551.794679"
"55","2010-09","8479.388535"
"55","2010-10","8829.073452"
"55","2010-11","20399.233333"
"55","2010-12","28512.162843"
"55","2011-01","8791.674713"
"55","2011-02","11670.271859"
"55","2011-03","10639.613567"
"55","2011-04","9591.335282"
"55","2011-05","7591.629551"
"55","2011-06","7933.408354"
"55","2011-07","7586.396974"
"55","2011-08","6610.019241"
"55","2011-09","8076.447551"
"55","2011-10","8971.146879"
"55","2011-11","22063.711795"
"55","2011-12","24448.341282"
"55","2012-01","8121.223032"
"55","2012-02","10805.360446"
"55","2012-03","8678.097035"
"55","2012-04","7670.952994"
"55","2012-05","6764.931176"
"55","2012-06","7092.643874"
"55","2012-07","6788.393831"
"55","2012-08","6634.274607"
"55","2012-09","6824.799542"
"55","2012-10","8031.780588"
"56","2010-02","1466.013396"
"56","2010-03","3580.957975"
"56","2010-04","8234.128667"
"56","2010-05","12353.357470"
"56","2010-06","7772.742778"
"56","2010-07","2754.945596"
"56","2010-08","1382.237532"
"56","2010-09","1807.407857"
"56","2010-10","1209.852356"
"56","2010-11","813.168170"
"56","2010-12","1485.171055"
"56","2011-01","391.023878"
"56","2011-02","1711.589669"
"56","2011-03","4378.253455"
"56","2011-04","7046.250278"
"56","2011-05","11769.424940"
"56","2011-06","8286.671463"
"56","2011-07","2620.538325"
"56","2011-08","1142.573797"
"56","2011-09","1564.346459"
"56","2011-10","1208.195542"
"56","2011-11","790.603902"
"56","2011-12","1530.047883"
"56","2012-01","508.564848"
"56","2012-02","1529.877904"
"56","2012-03","4454.784860"
"56","2012-04","7930.852907"
"56","2012-05","12395.450174"
"56","2012-06","6931.033726"
"56","2012-07","2004.685389"
"56","2012-08","1223.088107"
"56","2012-09","1775.168383"
"56","2012-10","1180.312000"
"58","2010-02","4038.530157"
"58","2010-03","3630.954160"
"58","2010-04","3504.468896"
"58","2010-05","3653.801322"
"58","2010-06","5212.144918"
"58","2010-07","4979.271558"
"58","2010-08","4959.496508"
"58","2010-09","4218.801550"
"58","2010-10","3507.862532"
"58","2010-11","3996.632171"
"58","2010-12","3664.085864"
"58","2011-01","2895.269375"
"58","2011-02","3163.646434"
"58","2011-03","3166.207619"
"58","2011-04","2709.430464"
"58","2011-05","2630.484874"
"58","2011-06","3505.248594"
"58","2011-07","3484.119799"
"58","2011-08","3463.851967"
"58","2011-09","3315.798456"
"58","2011-10","3147.511092"
"58","2011-11","3481.930328"
"58","2011-12","4620.989868"
"58","2012-01","2996.118421"
"58","2012-02","3549.133333"
"58","2012-03","3175.060000"
"58","2012-04","3268.591583"
"58","2012-05","2914.808696"
"58","2012-06","3531.649299"
"58","2012-07","3922.268655"
"58","2012-08","4357.920784"
"58","2012-09","4456.448361"
"58","2012-10","4853.644919"
"59","2010-02","759.384972"
"59","2010-03","663.495978"
"59","2010-04","606.151345"
"59","2010-05","568.100111"
"59","2010-06","530.872778"
"59","2010-07","503.473408"
"59","2010-08","493.850000"
"59","2010-09","461.659441"
"59","2010-10","477.782711"
"59","2010-11","1327.954222"
"59","2010-12","5867.060670"
"59","2011-01","631.067333"
"59","2011-02","410.350950"
"59","2011-03","364.720667"
"59","2011-04","326.611448"
"59","2011-05","273.854857"
"59","2011-06","226.199138"
"59","2011-07","242.478585"
"59","2011-08","288.004390"
"59","2011-09","259.968647"
"59","2011-10","256.449879"
"59","2011-11","559.951714"
"59","2011-12","2704.679422"
"59","2012-01","319.434217"
"59","2012-02","270.076398"
"59","2012-03","253.249798"
"59","2012-04","250.025430"
"59","2012-05","232.669608"
"59","2012-06","195.475369"
"59","2012-07","198.553052"
"59","2012-08","216.391675"
"59","2012-09","198.305064"
"59","2012-10","197.168616"
"60","2010-02","443.310169"
"60","2010-03","409.033333"
"60","2010-04","403.959669"
"60","2010-05","402.345448"
"60","2010-06","382.883333"
"60","2010-07","360.189535"
"60","2010-08","351.768462"
"60","2010-09","368.727132"
"60","2010-10","358.494410"
"60","2010-11","360.460000"
"60","2010-12","554.745596"
"60","2011-01","321.822658"
"60","2011-02","349.564458"
"60","2011-03","308.588953"
"60","2011-04","307.324651"
"60","2011-05","314.637714"
"60","2011-06","308.920562"
"60","2011-07","308.156267"
"60","2011-08","300.704444"
"60","2011-09","299.621591"
"60","2011-10","305.721667"
"60","2011-11","317.116667"
"60","2011-12","529.138565"
"60","2012-01","326.831638"
"60","2012-02","332.950000"
"60","2012-03","302.320889"
"60","2012-04","316.397778"
"60","2012-05","342.996111"
"60","2012-06","321.592889"
"60","2012-07","310.290556"
"60","2012-08","308.354667"
"60","2012-09","306.744444"
"60","2012-10","317.644500"
"65","2010-02","41070.100000"
"65","2010-03","49577.270000"
"65","2010-04","48951.758000"
"65","2010-05","50078.782500"
"65","2010-06","47148.885000"
"65","2010-07","52154.334000"
"65","2010-08","55045.557500"
"65","2010-09","51656.027500"
"65","2010-10","49314.120000"
"65","2010-11","48626.810000"
"65","2010-12","46335.780000"
"65","2011-01","45808.895000"
"65","2011-02","46990.992500"
"65","2011-03","47486.365000"
"65","2011-04","50096.996000"
"65","2011-05","55118.995000"
"65","2011-06","40199.322500"
"65","2011-07","41460.662000"
"65","2011-08","38149.872500"
"65","2011-09","34792.370000"
"65","2011-10","34703.997500"
"65","2011-11","32797.420000"
"65","2011-12","30179.896000"
"65","2012-01","35986.992500"
"65","2012-02","39777.287500"
"65","2012-03","48483.996000"
"65","2012-04","50051.767500"
"65","2012-05","46961.127500"
"65","2012-06","44857.516000"
"65","2012-07","45573.620000"
"65","2012-08","53780.048000"
"65","2012-09","50704.155000"
"65","2012-10","45517.410000"
"67","2010-02","10059.836611"
"67","2010-03","6399.193778"
"67","2010-04","6946.393644"
"67","2010-05","11203.720667"
"67","2010-06","9833.829778"
"67","2010-07","5917.259244"
"67","2010-08","5792.693278"
"67","2010-09","5791.468222"
"67","2010-10","6310.945111"
"67","2010-11","6170.427444"
"67","2010-12","10351.920667"
"67","2011-01","4840.299833"
"67","2011-02","9839.890944"
"67","2011-03","5671.545833"
"67","2011-04","6843.612400"
"67","2011-05","10981.311333"
"67","2011-06","9318.611944"
"67","2011-07","5498.143822"
"67","2011-08","5287.243667"
"67","2011-09","5621.384356"
"67","2011-10","6400.281389"
"67","2011-11","6425.981056"
"67","2011-12","11091.566356"
"67","2012-01","5232.107389"
"67","2012-02","10435.930722"
"67","2012-03","5973.403200"
"67","2012-04","6886.823833"
"67","2012-05","11802.844944"
"67","2012-06","8896.240889"
"67","2012-07","5955.183556"
"67","2012-08","5764.374489"
"67","2012-09","5973.649000"
"67","2012-10","6682.390000"
"71","2010-02","8606.709324"
"71","2010-03","6654.334027"
"71","2010-04","5417.661297"
"71","2010-05","5108.132905"
"71","2010-06","5684.290000"
"71","2010-07","6000.843459"
"71","2010-08","6712.999667"
"71","2010-09","5641.112770"
"71","2010-10","4571.817622"
"71","2010-11","6034.590135"
"71","2010-12","5804.735484"
"71","2011-01","4799.419662"
"71","2011-02","7216.669060"
"71","2011-03","6038.180470"
"71","2011-04","5178.693568"
"71","2011-05","4649.876622"
"71","2011-06","4836.432162"
"71","2011-07","5328.560269"
"71","2011-08","6424.949932"
"71","2011-09","5387.024624"
"71","2011-10","4896.226892"
"71","2011-11","6310.453423"
"71","2011-12","6487.245135"
"71","2012-01","4899.173087"
"71","2012-02","7692.788581"
"71","2012-03","6178.380486"
"71","2012-04","4981.499463"
"71","2012-05","4863.755733"
"71","2012-06","5177.208118"
"71","2012-07","5552.984459"
"71","2012-08","6205.265691"
"71","2012-09","5127.979932"
"71","2012-10","4681.956376"
"72","2010-02","71918.094345"
"72","2010-03","51841.242321"
"72","2010-04","42810.047190"
"72","2010-05","39953.047976"
"72","2010-06","43160.125181"
"72","2010-07","42221.790332"
"72","2010-08","47455.983988"
"72","2010-09","44056.118176"
"72","2010-10","38815.853302"
"72","2010-11","98391.681964"
"72","2010-12","83985.787867"
"72","2011-01","42716.922965"
"72","2011-02","64393.851628"
"72","2011-03","51353.866213"
"72","2011-04","42151.515802"
"72","2011-05","39107.536607"
"72","2011-06","40850.204762"
"72","2011-07","39083.380810"
"72","2011-08","44351.532619"
"72","2011-09","42048.550047"
"72","2011-10","48397.299645"
"72","2011-11","100608.994882"
"72","2011-12","73352.631315"
"72","2012-01","41870.268393"
"72","2012-02","64484.797765"
"72","2012-03","45890.503427"
"72","2012-04","39506.161345"
"72","2012-05","37908.608023"
"72","2012-06","39289.379528"
"72","2012-07","38752.818994"
"72","2012-08","42722.232762"
"72","2012-09","46444.629704"
"72","2012-10","44476.949882"
"74","2010-02","14407.253667"
"74","2010-03","13915.783056"
"74","2010-04","13183.505733"
"74","2010-05","13681.801966"
"74","2010-06","14037.363855"
"74","2010-07","14977.277545"
"74","2010-08","16842.946444"
"74","2010-09","14661.357278"
"74","2010-10","12526.792991"
"74","2010-11","14467.050778"
"74","2010-12","13107.016000"
"74","2011-01","13946.581500"
"74","2011-02","13857.481389"
"74","2011-03","13764.748278"
"74","2011-04","12643.557600"
"74","2011-05","12946.002056"
"74","2011-06","13060.943167"
"74","2011-07","13321.621556"
"74","2011-08","15941.355722"
"74","2011-09","13916.561111"
"74","2011-10","12692.965167"
"74","2011-11","14656.984722"
"74","2011-12","13399.816533"
"74","2012-01","13948.435722"
"74","2012-02","14412.181889"
"74","2012-03","13649.564889"
"74","2012-04","12641.925167"
"74","2012-05","12685.500722"
"74","2012-06","13338.510933"
"74","2012-07","13943.138889"
"74","2012-08","15805.143778"
"74","2012-09","13401.937667"
"74","2012-10","12365.609000"
"77","2010-06","7.970000"
"77","2011-01","-15.023333"
"77","2011-04","-10.005000"
"77","2011-09","4.825000"
"77","2011-11","752.863784"
"77","2011-12","259.618200"
"77","2012-01","175.725556"
"77","2012-02","163.140000"
"77","2012-03","195.555714"
"77","2012-04","175.000000"
"77","2012-05","167.750000"
"77","2012-06","8.440000"
"77","2012-08","-57.306667"
"77","2012-10","51.685000"
"78","2010-02","8.891892"
"78","2010-03","6.986250"
"78","2010-04","8.300000"
"78","2010-05","11.650000"
"78","2010-06","3.750000"
"78","2010-07","7.666667"
"78","2010-08","2.666667"
"78","2010-09","5.000000"
"78","2010-10","0.000000"
"78","2010-11","0.000000"
"78","2011-03","0.000000"
"78","2011-05","-2.000000"
"78","2011-06","1.000000"
"78","2011-07","8.731429"
"78","2011-08","16.084444"
"78","2011-09","4.111111"
"78","2011-10","-5.330000"
"78","2011-11","4.440000"
"78","2011-12","4.480000"
"78","2012-01","1.000000"
"78","2012-02","8.452000"
"78","2012-03","4.800000"
"78","2012-04","3.400000"
"78","2012-05","14.600000"
"78","2012-06","1.833333"
"78","2012-07","4.500000"
"78","2012-09","3.000000"
"79","2010-02","24761.146111"
"79","2010-03","23486.450056"
"79","2010-04","22457.811422"
"79","2010-05","22137.611889"
"79","2010-06","22501.218056"
"79","2010-07","22825.652133"
"79","2010-08","22276.021167"
"79","2010-09","21481.070833"
"79","2010-10","20841.001422"
"79","2010-11","21213.973444"
"79","2010-12","21280.803289"
"79","2011-01","20103.095000"
"79","2011-02","23242.406111"
"79","2011-03","22715.823333"
"79","2011-04","21594.997378"
"79","2011-05","21214.995389"
"79","2011-06","21715.879889"
"79","2011-07","21574.530133"
"79","2011-08","22249.528222"
"79","2011-09","21090.648044"
"79","2011-10","20841.572278"
"79","2011-11","21635.607333"
"79","2011-12","22014.691511"
"79","2012-01","20614.142500"
"79","2012-02","24036.299889"
"79","2012-03","22909.674000"
"79","2012-04","22028.213833"
"79","2012-05","21915.443111"
"79","2012-06","22091.597378"
"79","2012-07","22054.559389"
"79","2012-08","21873.021956"
"79","2012-09","21326.758500"
"79","2012-10","21291.504167"
"80","2010-02","13191.118808"
"80","2010-03","12789.160464"
"80","2010-04","12447.701385"
"80","2010-05","12535.229304"
"80","2010-06","12036.719820"
"80","2010-07","12392.710728"
"80","2010-08","12414.314658"
"80","2010-09","12121.144049"
"80","2010-10","12295.258040"
"80","2010-11","11872.802424"
"80","2010-12","12232.238261"
"80","2011-01","12041.074088"
"80","2011-02","12326.464444"
"80","2011-03","12105.961111"
"80","2011-04","12313.753234"
"80","2011-05","12207.778012"
"80","2011-06","12491.803212"
"80","2011-07","12594.747670"
"80","2011-08","12297.104940"
"80","2011-09","12097.763493"
"80","2011-10","12002.103471"
"80","2011-11","11752.626959"
"80","2011-12","11795.499213"
"80","2012-01","11865.647798"
"80","2012-02","12228.752012"
"80","2012-03","11586.228224"
"80","2012-04","12012.928690"
"80","2012-05","12172.241667"
"80","2012-06","12190.621952"
"80","2012-07","12163.139294"
"80","2012-08","12112.574115"
"80","2012-09","11843.902202"
"80","2012-10","11799.368757"
"81","2010-02","15271.781778"
"81","2010-03","15058.505833"
"81","2010-04","15148.889689"
"81","2010-05","15819.481778"
"81","2010-06","16025.413278"
"81","2010-07","15870.039822"
"81","2010-08","15576.317722"
"81","2010-09","15412.515778"
"81","2010-10","14751.559333"
"81","2010-11","14956.803667"
"81","2010-12","14340.210444"
"81","2011-01","15140.168056"
"81","2011-02","15502.582111"
"81","2011-03","15345.105778"
"81","2011-04","15145.543511"
"81","2011-05","15651.266389"
"81","2011-06","16018.514500"
"81","2011-07","15916.518400"
"81","2011-08","16021.183111"
"81","2011-09","15419.835422"
"81","2011-10","15327.198111"
"81","2011-11","15276.256944"
"81","2011-12","14569.510044"
"81","2012-01","15309.305556"
"81","2012-02","15625.123722"
"81","2012-03","15545.209333"
"81","2012-04","15772.914611"
"81","2012-05","16123.445611"
"81","2012-06","16197.852089"
"81","2012-07","16128.704722"
"81","2012-08","15691.130356"
"81","2012-09","15517.309500"
"81","2012-10","15441.557889"
"82","2010-02","12847.813944"
"82","2010-03","12224.744556"
"82","2010-04","12203.532889"
"82","2010-05","12911.900778"
"82","2010-06","13840.510611"
"82","2010-07","13357.484311"
"82","2010-08","13252.515333"
"82","2010-09","12943.598722"
"82","2010-10","13486.448711"
"82","2010-11","15512.460222"
"82","2010-12","29000.342400"
"82","2011-01","12409.237556"
"82","2011-02","14532.577556"
"82","2011-03","13906.116111"
"82","2011-04","13874.732000"
"82","2011-05","14022.387000"
"82","2011-06","15459.376167"
"82","2011-07","15164.607378"
"82","2011-08","15465.815222"
"82","2011-09","14241.586800"
"82","2011-10","14619.836889"
"82","2011-11","16385.336056"
"82","2011-12","31722.058133"
"82","2012-01","13253.661778"
"82","2012-02","14975.921556"
"82","2012-03","15138.636089"
"82","2012-04","15323.228167"
"82","2012-05","15561.687167"
"82","2012-06","16109.359067"
"82","2012-07","15692.285389"
"82","2012-08","15673.062889"
"82","2012-09","14720.357500"
"82","2012-10","15713.153556"
"83","2010-02","4369.439024"
"83","2010-03","4122.651707"
"83","2010-04","3784.601561"
"83","2010-05","3497.718110"
"83","2010-06","3434.383659"
"83","2010-07","3598.964829"
"83","2010-08","3485.447378"
"83","2010-09","3268.426087"
"83","2010-10","3023.750985"
"83","2010-11","2966.806037"
"83","2010-12","3617.706927"
"83","2011-01","3631.210859"
"83","2011-02","3695.796951"
"83","2011-03","3907.838780"
"83","2011-04","3554.130000"
"83","2011-05","3124.048841"
"83","2011-06","3074.595576"
"83","2011-07","3120.080780"
"83","2011-08","3191.071235"
"83","2011-09","3011.184250"
"83","2011-10","2876.181905"
"83","2011-11","2788.160655"
"83","2011-12","3264.526238"
"83","2012-01","3540.900060"
"83","2012-02","3666.771190"
"83","2012-03","3655.525048"
"83","2012-04","3492.613036"
"83","2012-05","3200.036509"
"83","2012-06","3137.660524"
"83","2012-07","3273.335060"
"83","2012-08","3164.606952"
"83","2012-09","3150.248750"
"83","2012-10","3059.182262"
"85","2010-02","2045.144186"
"85","2010-03","2047.718488"
"85","2010-04","2133.349953"
"85","2010-05","2650.822339"
"85","2010-06","2691.149360"
"85","2010-07","2583.883598"
"85","2010-08","2618.341047"
"85","2010-09","2371.542500"
"85","2010-10","2173.270935"
"85","2010-11","2243.082209"
"85","2010-12","4051.074502"
"85","2011-01","1854.457870"
"85","2011-02","1770.767857"
"85","2011-03","1831.874286"
"85","2011-04","1871.606603"
"85","2011-05","2397.601250"
"85","2011-06","2324.307976"
"85","2011-07","2242.075524"
"85","2011-08","2364.325298"
"85","2011-09","2111.273942"
"85","2011-10","2008.118284"
"85","2011-11","1970.154824"
"85","2011-12","4402.639535"
"85","2012-01","1780.659941"
"85","2012-02","1704.956746"
"85","2012-03","1644.479095"
"85","2012-04","1746.722176"
"85","2012-05","2240.977647"
"85","2012-06","2206.469714"
"85","2012-07","2057.633554"
"85","2012-08","2143.742271"
"85","2012-09","1869.790893"
"85","2012-10","1826.841183"
"87","2010-02","12267.952557"
"87","2010-03","10861.835852"
"87","2010-04","10704.367615"
"87","2010-05","10796.902057"
"87","2010-06","11662.566229"
"87","2010-07","12356.966941"
"87","2010-08","12716.139719"
"87","2010-09","12317.600056"
"87","2010-10","11879.699422"
"87","2010-11","12108.720611"
"87","2010-12","13515.074133"
"87","2011-01","11370.862556"
"87","2011-02","13913.541944"
"87","2011-03","13018.618278"
"87","2011-04","11920.409200"
"87","2011-05","11905.212291"
"87","2011-06","13128.669050"
"87","2011-07","13394.399103"
"87","2011-08","13815.956236"
"87","2011-09","13514.883644"
"87","2011-10","13758.943296"
"87","2011-11","14540.185278"
"87","2011-12","15863.110089"
"87","2012-01","13243.611944"
"87","2012-02","16356.927222"
"87","2012-03","14627.092489"
"87","2012-04","13835.584022"
"87","2012-05","14114.333333"
"87","2012-06","15520.086711"
"87","2012-07","15610.550111"
"87","2012-08","16321.769067"
"87","2012-09","15314.074000"
"87","2012-10","15709.647207"
"90","2010-02","45231.083556"
"90","2010-03","42946.900333"
"90","2010-04","41967.377200"
"90","2010-05","41550.756333"
"90","2010-06","42023.286000"
"90","2010-07","41891.239778"
"90","2010-08","42608.066222"
"90","2010-09","43216.568056"
"90","2010-10","42107.890133"
"90","2010-11","45778.486889"
"90","2010-12","46482.153333"
"90","2011-01","44506.401333"
"90","2011-02","45731.682611"
"90","2011-03","44496.352889"
"90","2011-04","44443.601956"
"90","2011-05","43736.067667"
"90","2011-06","44002.015944"
"90","2011-07","44283.805600"
"90","2011-08","46718.640333"
"90","2011-09","46493.078000"
"90","2011-10","47927.709333"
"90","2011-11","50550.107167"
"90","2011-12","50414.244622"
"90","2012-01","48241.877056"
"90","2012-02","48522.399833"
"90","2012-03","46418.931778"
"90","2012-04","46472.228333"
"90","2012-05","45172.399278"
"90","2012-06","44609.906267"
"90","2012-07","44888.042444"
"90","2012-08","45620.108489"
"90","2012-09","46469.303944"
"90","2012-10","47841.223444"
"91","2010-02","35506.651611"
"91","2010-03","33712.520500"
"91","2010-04","32753.263600"
"91","2010-05","33248.656667"
"91","2010-06","33788.682056"
"91","2010-07","32804.476578"
"91","2010-08","33318.775222"
"91","2010-09","33045.937944"
"91","2010-10","32100.515022"
"91","2010-11","32612.898944"
"91","2010-12","31600.555600"
"91","2011-01","34734.884389"
"91","2011-02","35886.555667"
"91","2011-03","34541.277056"
"91","2011-04","33189.240089"
"91","2011-05","33154.928500"
"91","2011-06","33572.270222"
"91","2011-07","33027.102933"
"91","2011-08","34204.075056"
"91","2011-09","32887.660933"
"91","2011-10","34362.323167"
"91","2011-11","33579.149944"
"91","2011-12","32192.799956"
"91","2012-01","35341.176167"
"91","2012-02","36228.002389"
"91","2012-03","34381.552133"
"91","2012-04","34369.093611"
"91","2012-05","34266.772944"
"91","2012-06","33924.202400"
"91","2012-07","34088.916056"
"91","2012-08","33767.176044"
"91","2012-09","33639.497667"
"91","2012-10","33854.082222"
"92","2010-02","76345.566333"
"92","2010-03","71696.003833"
"92","2010-04","68857.464000"
"92","2010-05","69267.659111"
"92","2010-06","69099.393778"
"92","2010-07","67598.194356"
"92","2010-08","70246.122722"
"92","2010-09","71076.949889"
"92","2010-10","70451.571289"
"92","2010-11","82194.965722"
"92","2010-12","77762.889644"
"92","2011-01","73866.702833"
"92","2011-02","75557.147389"
"92","2011-03","72862.230000"
"92","2011-04","70431.608311"
"92","2011-05","70070.385722"
"92","2011-06","70104.738278"
"92","2011-07","70202.763556"
"92","2011-08","74948.384500"
"92","2011-09","74176.934889"
"92","2011-10","78986.559500"
"92","2011-11","89054.242056"
"92","2011-12","85167.603244"
"92","2012-01","80754.356722"
"92","2012-02","82008.089500"
"92","2012-03","77567.463067"
"92","2012-04","77525.788278"
"92","2012-05","76581.838500"
"92","2012-06","75343.056711"
"92","2012-07","76316.157722"
"92","2012-08","77453.227867"
"92","2012-09","79153.274722"
"92","2012-10","82091.593222"
"93","2010-02","25596.115976"
"93","2010-03","24622.073455"
"93","2010-04","25488.636311"
"93","2010-05","26808.906037"
"93","2010-06","27517.944329"
"93","2010-07","26837.549317"
"93","2010-08","25919.872500"
"93","2010-09","26693.267439"
"93","2010-10","25415.117882"
"93","2010-11","29096.829451"
"93","2010-12","26695.028098"
"93","2011-01","26115.190610"
"93","2011-02","26968.532256"
"93","2011-03","25838.621576"
"93","2011-04","26356.605220"
"93","2011-05","27216.612683"
"93","2011-06","27891.687988"
"93","2011-07","27705.537561"
"93","2011-08","27526.455000"
"93","2011-09","27468.955550"
"93","2011-10","26164.765714"
"93","2011-11","30145.947798"
"93","2011-12","27267.644952"
"93","2012-01","26855.421012"
"93","2012-02","26804.711607"
"93","2012-03","25687.129000"
"93","2012-04","27231.542440"
"93","2012-05","27405.592440"
"93","2012-06","28457.956238"
"93","2012-07","29091.420298"
"93","2012-08","27503.651619"
"93","2012-09","27882.913690"
"93","2012-10","27399.783452"
"94","2010-02","32387.281879"
"94","2010-03","34863.596824"
"94","2010-04","34726.871061"
"94","2010-05","36483.523293"
"94","2010-06","38659.466250"
"94","2010-07","36540.555130"
"94","2010-08","36252.879730"
"94","2010-09","31459.525063"
"94","2010-10","28119.012381"
"94","2010-11","33441.411286"
"94","2010-12","29909.684108"
"94","2011-01","34719.901679"
"94","2011-02","33623.835706"
"94","2011-03","36806.165486"
"94","2011-04","39561.120171"
"94","2011-05","34916.261170"
"94","2011-06","36659.040385"
"94","2011-07","36843.150833"
"94","2011-08","37730.085695"
"94","2011-09","32278.545888"
"94","2011-10","29370.499353"
"94","2011-11","31249.541871"
"94","2011-12","26434.460558"
"94","2012-01","29754.105680"
"94","2012-02","33117.144398"
"94","2012-03","31478.418706"
"94","2012-04","31387.729419"
"94","2012-05","34153.452832"
"94","2012-06","34308.812607"
"94","2012-07","34153.505976"
"94","2012-08","34978.003763"
"94","2012-09","31293.852303"
"94","2012-10","29461.063258"
"95","2010-02","65278.495333"
"95","2010-03","65924.368722"
"95","2010-04","69333.648311"
"95","2010-05","74330.787389"
"95","2010-06","78586.001778"
"95","2010-07","75590.192311"
"95","2010-08","73982.828444"
"95","2010-09","70305.157389"
"95","2010-10","65290.106933"
"95","2010-11","62675.794667"
"95","2010-12","62956.815111"
"95","2011-01","62407.342889"
"95","2011-02","66202.496056"
"95","2011-03","66896.916556"
"95","2011-04","66211.921600"
"95","2011-05","70219.165167"
"95","2011-06","75795.040889"
"95","2011-07","75775.359644"
"95","2011-08","75773.544056"
"95","2011-09","70193.856578"
"95","2011-10","68467.824444"
"95","2011-11","65383.229333"
"95","2011-12","64991.005111"
"95","2012-01","65103.556389"
"95","2012-02","67477.601556"
"95","2012-03","68656.412356"
"95","2012-04","70603.105167"
"95","2012-05","73393.865944"
"95","2012-06","76157.418800"
"95","2012-07","76197.297944"
"95","2012-08","74507.689867"
"95","2012-09","70716.065056"
"95","2012-10","68422.106667"
"96","2010-02","12878.183281"
"96","2010-03","12604.400469"
"96","2010-04","14045.803250"
"96","2010-05","15358.251406"
"96","2010-06","16752.581016"
"96","2010-07","17079.735394"
"96","2010-08","15571.143561"
"96","2010-09","15111.667652"
"96","2010-10","14235.654667"
"96","2010-11","15353.308864"
"96","2010-12","16038.702303"
"96","2011-01","12001.255303"
"96","2011-02","13978.493106"
"96","2011-03","14217.077652"
"96","2011-04","14526.137758"
"96","2011-05","15372.672197"
"96","2011-06","17440.920682"
"96","2011-07","18299.847394"
"96","2011-08","16546.400606"
"96","2011-09","15994.359152"
"96","2011-10","15487.221591"
"96","2011-11","16457.954545"
"96","2011-12","14648.766209"
"96","2012-01","13196.952138"
"96","2012-02","13568.532587"
"96","2012-03","13750.316556"
"96","2012-04","14670.011034"
"96","2012-05","15836.648881"
"96","2012-06","17367.887039"
"96","2012-07","17844.773099"
"96","2012-08","15447.183602"
"96","2012-09","14735.918581"
"96","2012-10","14606.342449"
"97","2010-02","13557.675398"
"97","2010-03","12942.857898"
"97","2010-04","13365.815674"
"97","2010-05","14321.655838"
"97","2010-06","14787.021080"
"97","2010-07","14855.194227"
"97","2010-08","14839.219091"
"97","2010-09","14703.597898"
"97","2010-10","13750.188591"
"97","2010-11","13475.882386"
"97","2010-12","13637.667000"
"97","2011-01","13576.780795"
"97","2011-02","14149.509249"
"97","2011-03","13627.346080"
"97","2011-04","13576.808000"
"97","2011-05","14547.719659"
"97","2011-06","15061.727740"
"97","2011-07","15202.308318"
"97","2011-08","15244.058800"
"97","2011-09","14620.131659"
"97","2011-10","14327.120909"
"97","2011-11","13764.898523"
"97","2011-12","13794.879182"
"97","2012-01","14067.539261"
"97","2012-02","14135.255057"
"97","2012-03","13716.821818"
"97","2012-04","14114.629091"
"97","2012-05","14548.436932"
"97","2012-06","14806.444045"
"97","2012-07","15112.549489"
"97","2012-08","14842.778409"
"97","2012-09","14897.270739"
"97","2012-10","14604.117841"
"98","2010-02","7616.409448"
"98","2010-03","6943.839936"
"98","2010-04","7122.713518"
"98","2010-05","7467.983333"
"98","2010-06","7177.731176"
"98","2010-07","6848.886718"
"98","2010-08","6848.407133"
"98","2010-09","7048.746735"
"98","2010-10","7138.263756"
"98","2010-11","7735.871369"
"98","2010-12","7647.723879"
"98","2011-01","5766.110359"
"98","2011-02","7182.512169"
"98","2011-03","6786.267898"
"98","2011-04","7295.139271"
"98","2011-05","7404.345405"
"98","2011-06","6690.354506"
"98","2011-07","6511.078557"
"98","2011-08","6352.504691"
"98","2011-09","6468.846030"
"98","2011-10","6532.625866"
"98","2011-11","7486.818977"
"98","2011-12","7563.782960"
"98","2012-01","5857.214740"
"98","2012-02","6933.183064"
"98","2012-03","6289.716232"
"98","2012-04","6579.618916"
"98","2012-05","6601.165868"
"98","2012-06","6225.549573"
"98","2012-07","6081.930000"
"98","2012-08","5908.974689"
"98","2012-09","6312.579030"
"98","2012-10","6971.767679"
"99","2010-02","1.806000"
"99","2010-03","4.606667"
"99","2010-04","5.798000"
"99","2010-06","11.335000"
"99","2010-07","3.834000"
"99","2010-09","67.890000"
"99","2010-10","-4.495000"
"99","2010-12","-48.460000"
"99","2011-03","257.179487"
"99","2011-04","84.637273"
"99","2011-05","61.528571"
"99","2011-06","99.400400"
"99","2011-07","0.010000"
"99","2011-08","309.300750"
"99","2011-09","112.896579"
"99","2011-10","4.012000"
"99","2011-11","2301.604118"
"99","2011-12","1907.225750"
"99","2012-01","17.328571"
"99","2012-02","793.964928"
"99","2012-03","33.668485"
"99","2012-04","58.822424"
"99","2012-05","236.818333"
"99","2012-06","118.861613"
"99","2012-07","6.544940"
"99","2012-08","61.376476"
"99","2012-09","8.021250"
"99","2012-10","290.511064"
